UserId,Predicted
1,"[1082185, 10149640, 856942, 9655212, 940947]"
2,"[1106523, 1082185, 916122, 901062, 839656]"
3,[]
6,"[1082185, 1098844, 845208, 900802, 12757544]"
7,"[1122358, 1082185, 1106523, 9338009, 1126899]"
8,"[1082185, 7167903, 872137, 12302069, 1106523]"
9,"[1056005, 12171886, 1082185, 1029743, 1106523]"
10,[]
13,"[1029743, 6554400, 898466, 1082185, 1038985]"
14,"[1127758, 1029743, 865456, 5582712, 1013928]"
15,"[1029743, 1070820, 845208, 1082185, 976199]"
16,"[12171656, 820486, 12988031, 6463742, 1082185]"
18,"[961620, 938118, 831937, 976199, 1128477]"
19,"[962229, 1029743, 1044078, 844179, 944486]"
20,"[1126899, 8090536, 894360, 944836, 1075368]"
21,"[1029743, 1106523, 1031864, 6904419, 6034857]"
22,"[1082185, 1104349, 1070820, 944836, 883003]"
23,"[1138858, 1075368, 1029743, 1034176, 893221]"
24,"[1106523, 1016800, 1008814, 983584, 926905]"
25,"[1029743, 1075786, 929018, 5568378, 1041796]"
26,"[896862, 1132771, 1022254, 978129, 1029743]"
27,"[1057168, 963686, 1082185, 1102416, 1058709]"
28,"[6533368, 6533911, 854900, 992730, 892531]"
29,"[872137, 899624, 5568378, 1029743, 1083446]"
30,"[1106523, 1022254, 1051516, 1068719, 854405]"
31,"[1040807, 864279, 12385374, 1082185, 1062128]"
32,"[1003649, 908312, 8293447, 901062, 1094924]"
33,"[9831469, 871756, 1106523, 5590613, 1027168]"
34,"[1070702, 1044078, 993638, 907631, 1029743]"
35,"[6464165, 1126899, 1029743, 5568378, 1041796]"
36,"[1029743, 962229, 969568, 865705, 826666]"
37,"[1056212, 1067695, 1097001, 898448, 916990]"
39,"[1082185, 1126899, 880050, 1127716, 1004001]"
40,"[1082185, 1112205, 1083043, 1055504, 928263]"
41,"[1082185, 909714, 913210, 1120009, 1126899]"
42,"[1082185, 1112766, 946839, 1022254, 839656]"
43,"[1004906, 871756, 979707, 6391137, 863447]"
46,"[1082185, 1029743, 862335, 1098844, 882247]"
47,"[8119318, 872137, 8119103, 883932, 859427]"
49,"[1070820, 1139782, 7025046, 1004906, 5569471]"
50,[]
51,"[883202, 965766, 1029743, 1096794, 1028995]"
52,"[1082185, 1106523, 879280, 993592, 1116020]"
53,"[6034857, 5569471, 1087102, 1082185, 1099802]"
55,"[1097280, 1098844, 883932, 1082185, 990797]"
56,"[9803545, 891415, 9655212, 1082185, 963835]"
57,"[1065871, 986912, 7139529, 848319, 1051516]"
58,"[1082185, 1098844, 1106523, 1104343, 1127831]"
59,"[856942, 1081177, 1056509, 1024032, 1082185]"
62,"[1098844, 907099, 12349795, 895166, 12302069]"
63,"[1062572, 1068719, 925862, 7431408, 9677462]"
64,"[987615, 1082185, 7409951, 1013928, 1093413]"
65,"[1070820, 986912, 961889, 1128016, 902172]"
67,"[1082185, 971922, 1098844, 1139782, 1029743]"
68,"[1029743, 1101010, 1068719, 1004906, 1075470]"
69,"[933067, 1044188, 1044078, 944137, 871061]"
70,"[1076056, 1130375, 1003158, 1044153, 1103105]"
71,"[1056509, 10149656, 9836106, 899624, 1008288]"
72,"[5585510, 1082185, 8019681, 991874, 1073775]"
75,"[12171656, 6463742, 1082185, 878285, 895166]"
77,"[1126899, 1106523, 1082185, 857503, 829323]"
78,"[1082185, 930385, 6773232, 835098, 1039627]"
79,"[1103513, 1082185, 1127328, 1070820, 1087411]"
80,"[1082185, 1055504, 959179, 1029743, 971922]"
81,"[1029743, 898847, 1093413, 971922, 1068719]"
82,"[849202, 1084036, 1119761, 1055504, 880150]"
83,"[1082185, 1059902, 879393, 880228, 980984]"
84,"[829722, 901061, 1082185, 903529, 944139]"
85,"[1021519, 12301109, 1104343, 854852, 1022254]"
86,"[865026, 1082185, 5569376, 899201, 1029743]"
87,"[1079528, 979707, 1083043, 6391089, 1048257]"
88,"[1075368, 888104, 8090521, 1089025, 1081177]"
90,[]
91,"[1029743, 910151, 1082185, 1005849, 1136524]"
92,"[871061, 12946027, 1082185, 1128240, 6391089]"
94,"[976199, 1082185, 1055504, 979707, 961979]"
95,"[1029743, 1082185, 870929, 1088771, 849018]"
97,"[1075368, 1082185, 1072693, 6463752, 896862]"
98,"[1091858, 9333437, 847241, 1082185, 1041796]"
99,"[1082185, 1029743, 992151, 5590613, 1098248]"
100,"[1118235, 1104343, 838186, 1068719, 885290]"
101,"[1106523, 1090931, 1121360, 929410, 12731432]"
103,"[1106523, 1105488, 1079228, 899624, 1027168]"
104,"[1098844, 1082185, 933835, 919534, 940766]"
105,"[1004906, 1082185, 844179, 825365, 1106523]"
106,"[963971, 12171656, 999104, 8090532, 5569230]"
107,"[899624, 1106523, 999270, 7442008, 1070702]"
109,"[1082185, 12731436, 862682, 1046756, 880150]"
110,"[1022254, 1082185, 1044078, 1106523, 899624]"
111,"[1106523, 1082185, 899624, 9677874, 901062]"
112,"[9527159, 5568378, 1070820, 852856, 1042438]"
113,"[1070820, 947427, 890344, 976199, 870882]"
114,"[5568489, 1029743, 948670, 7025203, 885697]"
115,"[918598, 1018007, 983584, 12648296, 912280]"
116,"[976199, 872137, 1104343, 1019637, 1044078]"
117,"[1082185, 1022254, 852360, 901062, 852235]"
118,"[1083043, 13381584, 1082185, 1091793, 893018]"
119,"[1138467, 1051468, 849202, 844697, 5565664]"
121,"[1029743, 1122358, 989069, 965766, 999270]"
122,"[940947, 1086119, 1105917, 5569230, 10149640]"
123,"[1056509, 1029743, 1126899, 1070702, 1038985]"
124,"[1037840, 1106523, 1004906, 963971, 880664]"
125,"[1029743, 834117, 1082185, 1121694, 1057749]"
126,"[1029743, 1044078, 1068719, 883003, 1004906]"
127,"[1106523, 1044078, 1082185, 1075368, 1029743]"
128,"[1082185, 1098248, 9420337, 1051516, 10149640]"
131,"[1082185, 1075214, 6979545, 990797, 1029743]"
132,"[1082185, 1022254, 1126899, 999198, 825365]"
133,"[12263857, 869728, 1013531, 866211, 1082185]"
134,"[1051323, 1130858, 838186, 913210, 1101010]"
135,"[919534, 898121, 1082185, 959455, 1117690]"
136,"[865511, 8090521, 1106523, 8090537, 5569230]"
138,"[1098844, 13841744, 1009361, 1006906, 1069609]"
139,"[1082185, 968695, 1050741, 1005898, 1021324]"
140,"[1037840, 1110244, 1137346, 1075368, 1106523]"
141,[]
142,"[1082212, 13877192, 1013826, 997011, 944588]"
143,"[1130858, 871756, 1106523, 5569230, 1082185]"
146,"[1101175, 1029743, 834117, 896613, 1068719]"
151,"[916122, 963365, 897954, 1126899, 976199]"
153,"[1006063, 916122, 1098248, 984575, 934639]"
156,"[1082185, 1074754, 1075368, 1029743, 1051211]"
157,"[1098844, 962229, 949294, 913210, 838186]"
158,"[12731714, 1082185, 1025641, 1092303, 997423]"
159,"[1004906, 899624, 846823, 965766, 1082185]"
160,"[1070820, 933835, 833598, 1135834, 1087102]"
161,"[935527, 957063, 1051323, 12352054, 1018007]"
162,"[1029743, 1122358, 1070820, 1022428, 979707]"
164,"[1029743, 963971, 970605, 839605, 983584]"
166,"[1029743, 1075368, 944486, 880888, 1139606]"
167,"[833724, 9297151, 1072693, 1100972, 9837065]"
168,[]
169,"[1099164, 1016800, 1075368, 852856, 8119002]"
171,"[1029743, 1041796, 979707, 913210, 1004906]"
172,"[891632, 829722, 5569230, 1118046, 1075368]"
174,[]
178,"[13841744, 1040807, 963686, 827656, 933835]"
183,"[8090440, 1106523, 819840, 961979, 1125278]"
184,"[896085, 6534229, 848319, 9835509, 1108776]"
185,"[838186, 1029743, 979707, 965766, 899624]"
187,"[983584, 1082185, 1106523, 7410335, 5569230]"
188,"[1106523, 1098844, 863447, 1044078, 1127758]"
190,"[1029743, 1094308, 940023, 1005274, 825365]"
191,"[944486, 910032, 965766, 841220, 865456]"
192,"[1029743, 1082212, 9835509, 1056509, 5569230]"
193,"[990797, 1104205, 960613, 1029743, 8090537]"
194,"[6391381, 951412, 1082185, 1051468, 854852]"
195,"[1029743, 7167836, 1082185, 1131382, 1062128]"
196,"[1106523, 1044078, 1082185, 1000753, 5564303]"
197,"[1126899, 9881593, 1082185, 963835, 7169088]"
198,"[1029743, 1106523, 937110, 899624, 9677874]"
199,"[1082212, 1132771, 13189726, 1098694, 1135195]"
200,"[1102067, 963971, 1082212, 823990, 5568378]"
201,"[1138292, 1082185, 5569327, 6034857, 5567502]"
202,"[1068719, 1029743, 962229, 982469, 1051211]"
203,"[1029743, 10285373, 880150, 838186, 1082185]"
204,"[872137, 1070820, 923670, 979707, 6034857]"
205,"[1082185, 1106523, 1026118, 910032, 1072523]"
208,"[1055425, 1082185, 879504, 865456, 1070820]"
209,"[899624, 1068719, 963971, 1008032, 1029743]"
210,"[1082185, 1051323, 999779, 910473, 979707]"
211,"[962229, 945662, 1082185, 832678, 847962]"
212,"[1082185, 8090560, 1062002, 888054, 1056509]"
213,[]
214,"[1082185, 901062, 999104, 6979526, 1019643]"
215,"[1082185, 1016298, 916993, 8019977, 6391089]"
216,"[6533936, 974156, 927277, 974204, 908217]"
217,"[1082185, 895930, 7441668, 919534, 1040807]"
218,"[965772, 878715, 1077133, 894439, 1097001]"
219,"[1010578, 9653535, 1111722, 1004001, 866211]"
220,"[1041796, 1029743, 866211, 899682, 912704]"
221,"[15926886, 1130452, 6424460, 6424464, 1041796]"
222,"[1082185, 1010308, 999779, 866211, 1094308]"
224,"[1029743, 899624, 1056005, 841220, 850925]"
225,"[1029743, 839152, 1043663, 839243, 907631]"
226,"[957232, 1029743, 1122358, 865456, 1056509]"
227,"[871722, 1082185, 1125391, 890955, 1094562]"
228,"[1082185, 1139782, 1126899, 1026118, 1055504]"
230,"[1029743, 913210, 8090532, 8090537, 1044078]"
232,"[1029743, 1049922, 859075, 913210, 862799]"
233,"[1029743, 1122568, 1128016, 859427, 1131488]"
235,"[1070820, 983584, 976199, 1123434, 1127831]"
236,"[1014948, 827999, 1126899, 849505, 899624]"
239,"[1082185, 1044078, 1081177, 1106523, 835098]"
240,[]
241,"[1055504, 12301109, 863447, 5569845, 6548453]"
242,"[1029743, 1082185, 1081177, 1138487, 1134882]"
243,"[6034857, 1126899, 1135044, 1117514, 909714]"
244,"[1082185, 913210, 908283, 834117, 1004906]"
245,"[12731517, 1044078, 1029743, 1106523, 1132771]"
246,"[1070820, 951412, 1068719, 1044078, 854852]"
247,"[1082185, 883003, 901062, 8090537, 1000753]"
248,"[1029743, 1082185, 1126899, 965766, 8119101]"
249,"[965766, 1029743, 1068719, 916122, 1044078]"
250,"[12132315, 1056509, 923169, 1110244, 885697]"
251,"[1040807, 1070820, 848029, 965693, 907631]"
252,[]
253,"[1044078, 965693, 1022254, 859075, 1037089]"
254,"[862535, 1106523, 1022254, 1123101, 990797]"
256,"[1111786, 1101706, 5568378, 948670, 883202]"
257,"[1106523, 1093413, 1038663, 6396492, 1082185]"
258,"[1121384, 1082185, 1026118, 1048257, 1070820]"
259,"[1087605, 832768, 1062128, 1082185, 5568729]"
260,"[859427, 913210, 912704, 1026118, 1092303]"
262,"[1124971, 1040807, 1008814, 1132771, 1082185]"
263,"[1082185, 843111, 1029743, 8019902, 1044078]"
264,"[957232, 6391086, 834117, 1087102, 12487356]"
265,"[8090536, 1106523, 844179, 954525, 979707]"
266,"[1126899, 972191, 1104349, 1082185, 13133916]"
267,"[901976, 929373, 1011457, 935393, 1106523]"
268,"[1051283, 1082185, 8090521, 1056509, 933918]"
269,"[1139782, 1082185, 1106523, 862799, 1131438]"
270,"[1106523, 1133312, 5569230, 986912, 8090537]"
271,"[986912, 1068719, 1137775, 1135834, 8090532]"
273,"[1106523, 6534480, 6979579, 856818, 933067]"
274,"[979707, 1106523, 883932, 12384775, 8090440]"
275,"[1106523, 1082185, 918638, 1028238, 825703]"
276,"[847803, 944534, 825317, 991223, 12810391]"
278,"[871514, 895680, 951412, 1070845, 6423786]"
280,"[1106523, 12731517, 999270, 12731544, 1097849]"
281,"[1070820, 1082185, 999104, 854852, 1099905]"
282,"[1061402, 7168129, 979707, 916122, 6464074]"
283,"[1082185, 1108094, 7409644, 1070820, 940947]"
284,[]
285,"[1013389, 1082185, 10344586, 862335, 963542]"
286,"[1120361, 1115069, 1135834, 866211, 1082185]"
287,"[1106523, 862671, 1128240, 969866, 5568729]"
288,"[1082185, 1070820, 1005456, 1026118, 1054539]"
289,"[1082185, 1104343, 880228, 1125497, 858439]"
290,"[947798, 962229, 1029743, 1068719, 919489]"
291,"[989069, 9297055, 911311, 845265, 899624]"
292,"[1106523, 865705, 933835, 913210, 5569230]"
294,"[1106523, 983584, 1082185, 905087, 832661]"
297,"[907631, 1029743, 10285373, 12648296, 1075368]"
300,"[1106523, 9527325, 899624, 956274, 916122]"
301,"[1082185, 5565322, 1094924, 1015474, 999270]"
302,"[872137, 10344586, 1027168, 892531, 919534]"
303,"[1082185, 822225, 1040807, 9487613, 895930]"
304,"[1029743, 1106523, 957232, 1082185, 6979753]"
305,"[1133850, 6463727, 885290, 8090532, 1070898]"
306,"[913210, 6534480, 1029743, 1082185, 1104343]"
307,"[1074040, 1065259, 1019637, 908314, 1114653]"
308,"[1043787, 6904613, 8019954, 862010, 963835]"
311,"[1106523, 10456613, 6034857, 1082185, 1029743]"
312,"[961620, 5567428, 1041796, 1068719, 1082185]"
314,"[1106523, 1082185, 882308, 1053628, 820486]"
316,"[1068719, 999270, 1122358, 5568378, 859154]"
317,"[1029743, 983584, 913278, 849870, 1082185]"
318,"[1106523, 5569230, 7025203, 962229, 1021324]"
321,"[1082185, 1098844, 822739, 1126899, 830203]"
322,"[872137, 1135552, 1006342, 934156, 839243]"
323,[]
324,"[1082185, 1098844, 918676, 1027372, 1010681]"
325,"[1029743, 948953, 1013389, 976199, 1082185]"
326,"[8090521, 1037840, 1137346, 1013928, 10150194]"
327,[]
328,"[972191, 885290, 1070820, 1092303, 13133916]"
329,"[1082185, 901062, 854852, 944836, 1061614]"
330,"[1004906, 1074040, 13841744, 986912, 1127470]"
331,"[5565322, 5569135, 1029743, 1070820, 983659]"
332,"[1056267, 7160185, 1059593, 1029743, 1070820]"
333,[]
334,"[1082185, 1094562, 9526572, 1125391, 1040812]"
338,"[1026118, 1051516, 819840, 1082185, 1106523]"
339,"[1106523, 1082185, 865456, 1044078, 1105488]"
342,"[913210, 919534, 976199, 972143, 1037965]"
343,"[848319, 865456, 872137, 8090537, 1092588]"
345,"[1082185, 899624, 6602697, 10285373, 1029743]"
346,"[1029743, 1037863, 1101010, 835098, 1082185]"
347,[]
348,"[1068719, 1025611, 1080472, 853124, 5590613]"
349,"[976199, 907099, 844179, 896862, 1126899]"
350,"[899624, 883003, 1106523, 1087102, 1110244]"
351,"[8020166, 1082185, 894439, 899624, 1106523]"
353,"[1022254, 1082185, 839656, 979707, 13907063]"
354,"[916122, 858700, 910032, 849202, 1050851]"
356,"[1049735, 997025, 834117, 1075368, 1041796]"
357,"[1126899, 1082185, 872137, 1138443, 1098844]"
358,"[5568489, 949294, 1106523, 879008, 5569230]"
360,"[5568378, 5569327, 1082185, 1081177, 6602729]"
361,"[1082185, 844179, 1044078, 1106523, 859075]"
362,"[1128395, 1081533, 1126045, 1022254, 937454]"
364,[]
365,"[1082185, 955275, 1062128, 1132771, 943169]"
366,"[12810422, 8090509, 1106523, 1128240, 844179]"
367,"[918676, 1070820, 1082185, 1004001, 1085637]"
369,"[1038745, 899624, 871756, 949965, 1044078]"
371,"[1137688, 907625, 942778, 957736, 1054402]"
373,[]
374,"[1029743, 1082185, 990797, 823031, 1108094]"
375,"[1029743, 1041796, 965766, 8090532, 862799]"
376,"[1044078, 999270, 917816, 896862, 965766]"
377,"[1082185, 1126899, 994223, 1029743, 1003616]"
378,"[1082185, 933835, 13213475, 916990, 904833]"
380,"[1098284, 1135834, 854852, 6464069, 1106523]"
381,"[1075368, 1029743, 933835, 965766, 1082185]"
382,"[999250, 961979, 1029743, 1125278, 5569374]"
383,"[1126899, 1082185, 1092588, 918676, 1057749]"
384,"[999090, 1082185, 1117358, 8293447, 1055504]"
385,"[1087102, 878715, 5591520, 8065410, 1082185]"
386,"[1082185, 1083787, 901062, 1139023, 1119761]"
387,"[1126899, 828393, 851819, 952408, 1009719]"
388,"[1029743, 849274, 995965, 820612, 6463775]"
389,"[1082185, 1126899, 921836, 1098844, 9835509]"
390,"[1072693, 1058243, 888543, 5569230, 993638]"
392,"[836645, 963835, 951412, 1087287, 916122]"
393,"[1029743, 1013928, 1068719, 1031316, 6464165]"
394,"[1029743, 1082185, 835098, 1004906, 9677949]"
395,"[926233, 1098844, 5569230, 1029743, 986912]"
396,"[879031, 1075368, 901062, 1026118, 1082185]"
397,"[1126899, 931255, 6904613, 892573, 1043787]"
398,"[1029743, 1022097, 871513, 5981072, 1082185]"
400,"[5567702, 5566235, 12695874, 957232, 906883]"
401,"[942166, 965766, 7025046, 1070272, 1082185]"
402,"[12171656, 853448, 13382073, 1004906, 1040807]"
404,"[9392953, 1092588, 966778, 990656, 918676]"
405,"[948670, 1020962, 1087102, 1082185, 1101010]"
406,"[957951, 1082185, 1029743, 976199, 872137]"
407,"[8090521, 983584, 1029743, 1128240, 896613]"
409,"[1070820, 1082185, 1098248, 836286, 8090513]"
410,"[1029743, 948650, 1096066, 1044078, 871611]"
411,"[1106523, 1082185, 9831557, 913210, 9677874]"
412,"[1082185, 1005274, 995628, 945909, 986912]"
413,"[1082185, 1106523, 1098844, 970160, 986912]"
414,"[1029743, 872066, 940947, 1014999, 1082185]"
415,"[864893, 1090884, 852145, 1055472, 872762]"
417,"[1082185, 1029743, 1041796, 903800, 880308]"
418,"[1029743, 852360, 12385477, 1082185, 979439]"
420,[]
421,"[9803483, 976199, 1029743, 1082185, 1126899]"
425,"[13115579, 837908, 985889, 1039627, 1070820]"
426,"[899682, 1011926, 1121393, 1082185, 1022254]"
427,"[1082185, 1029743, 1054539, 825343, 948670]"
429,"[1029743, 948670, 1098844, 976199, 899624]"
430,"[1106523, 1029743, 1006483, 5569230, 1089705]"
432,"[1044078, 1004906, 1128240, 1029743, 835578]"
433,"[1106523, 1082185, 1068719, 849003, 979707]"
434,"[1046587, 837751, 895166, 934639, 1068292]"
435,"[8090532, 8090537, 5569230, 909714, 1004906]"
437,"[1082185, 9884698, 948670, 913210, 895311]"
438,"[951197, 9881593, 1070820, 899624, 962991]"
441,"[1082185, 1038985, 6533681, 1124971, 1001412]"
442,"[1082185, 979707, 1126899, 976199, 1087102]"
443,"[9396705, 899624, 6463775, 873056, 7160185]"
446,[]
447,"[1029743, 1041796, 983584, 926905, 5587656]"
449,"[1029743, 965766, 1068719, 854852, 985999]"
450,"[8015407, 998206, 933835, 863762, 1105488]"
451,"[1082185, 999189, 925862, 934639, 1070820]"
454,"[1029743, 1082185, 1068719, 5569230, 1083787]"
457,"[1029743, 979707, 1022254, 9296919, 1082185]"
458,"[828588, 976199, 1068719, 1082185, 926905]"
459,"[979707, 885290, 13007846, 863762, 12262832]"
460,"[1082185, 1098844, 1106523, 1081177, 885939]"
461,"[918684, 1050851, 1004906, 1029743, 916122]"
462,"[1082185, 1029743, 1105917, 1045586, 7024871]"
463,"[1036093, 1082185, 1055504, 1106523, 901062]"
464,"[1029743, 13877192, 1104343, 1056509, 6039994]"
466,"[1131344, 989069, 1101706, 1044078, 12384775]"
467,"[1106523, 1082185, 899624, 1022254, 1024306]"
468,"[1098284, 1106523, 965766, 1044078, 1082185]"
469,"[1070820, 1005849, 1098435, 1110743, 883202]"
470,"[908314, 871633, 899624, 1110695, 896862]"
471,[]
474,"[1106523, 1050851, 1068719, 968072, 1088683]"
477,[]
478,"[8203851, 835558, 1102067, 1060912, 919558]"
479,"[1037840, 1004906, 865456, 962229, 910032]"
480,"[1070820, 1082185, 857503, 854754, 1047769]"
482,[]
483,"[1106523, 1139216, 5590695, 1041796, 12731517]"
484,"[6514287, 8273833, 1117514, 1111129, 1050851]"
485,"[1029743, 7168431, 919534, 899624, 862799]"
487,"[862682, 12484491, 984575, 6463742, 12171656]"
489,"[1082185, 1019247, 1022254, 986912, 1105488]"
491,"[1055504, 1039927, 1126899, 1041796, 9676938]"
493,"[1093697, 951197, 1029743, 998741, 1070723]"
495,"[1029743, 1103105, 12810391, 899201, 1056509]"
497,"[1082185, 976199, 1098844, 1070820, 8276172]"
502,"[1029743, 1068719, 893018, 1004906, 1044078]"
503,"[1070820, 1072693, 1082185, 947875, 971983]"
505,"[962991, 12648296, 7441498, 908064, 874972]"
506,"[1082185, 979707, 1027168, 5568378, 969568]"
507,"[1014948, 960791, 1121384, 976199, 1082185]"
508,"[879504, 1104649, 1108296, 1101010, 8065410]"
510,"[833724, 1082185, 9837807, 929018, 1070820]"
511,"[1116635, 1029743, 983584, 1044078, 819590]"
513,"[844179, 1132771, 5569471, 1018740, 12301109]"
514,"[1082185, 923169, 1127831, 909714, 852235]"
515,"[1106523, 5590613, 899624, 1070702, 1082185]"
516,"[835098, 1126899, 1068719, 844179, 839243]"
517,"[1107973, 878715, 1045586, 970028, 1126899]"
518,"[952408, 1038985, 1090676, 1031087, 979707]"
520,"[1104343, 8090537, 913210, 7082640, 1029743]"
521,"[1106523, 1056212, 1082185, 8090440, 819840]"
523,"[1082185, 970861, 897088, 898121, 9803601]"
524,"[1098844, 1082185, 1106523, 1051516, 1098248]"
525,"[1016195, 1018007, 979707, 883003, 1104343]"
526,"[913210, 1029743, 1103618, 12301100, 1044078]"
527,"[933835, 6514259, 1011926, 6463742, 912704]"
531,"[1054539, 5569230, 1075368, 880888, 940947]"
533,"[899624, 1038663, 871756, 827656, 901062]"
534,"[1124695, 1082185, 933835, 986912, 1076056]"
537,"[1116635, 1004436, 1072523, 907631, 951561]"
538,"[1070820, 1082212, 1098844, 1082185, 906838]"
539,"[872137, 1082185, 976199, 862799, 8014645]"
540,"[1082185, 6391381, 1087753, 916122, 1047769]"
542,"[1106523, 1050851, 1068719, 824796, 916122]"
543,"[879734, 5565664, 989409, 12349795, 1134296]"
544,"[1126899, 1098844, 1006184, 1082185, 909714]"
545,"[1040807, 922127, 949742, 1082185, 878996]"
547,"[924004, 1029743, 986912, 979707, 5568378]"
548,"[1082185, 970028, 1098435, 885406, 869868]"
550,[]
552,"[1106523, 899624, 863885, 1069039, 1044078]"
553,"[1117602, 1009361, 849202, 1029743, 1040807]"
554,"[1106523, 909714, 1034886, 993638, 12302069]"
556,[]
557,"[1126899, 857503, 6602729, 1082185, 879280]"
558,"[1106523, 983096, 10149640, 1044078, 933067]"
560,"[1029743, 1082185, 999104, 933835, 863885]"
562,"[1115069, 1029743, 957951, 965842, 862799]"
563,"[1029743, 9707461, 1082185, 1087102, 9707078]"
564,"[1055504, 1027168, 979707, 844179, 1082185]"
566,[]
567,"[1089766, 10456164, 844179, 986912, 1044078]"
568,"[1106523, 1083787, 1042544, 1103629, 5572738]"
569,"[6391080, 981677, 12428017, 6553237, 921406]"
570,[]
574,"[994685, 1029743, 849505, 1059922, 827667]"
575,"[1049735, 953561, 1133101, 1000237, 897270]"
576,"[1082185, 8090521, 951412, 12811532, 8090532]"
577,"[1056509, 1082185, 1110244, 827656, 885697]"
578,"[847207, 8090521, 854405, 833724, 868415]"
579,"[916122, 6034857, 852856, 12810391, 948670]"
580,"[1056509, 976199, 1118946, 1041796, 966348]"
581,"[1059593, 880228, 1126899, 983584, 7441498]"
582,"[1021324, 1098844, 5569230, 1005493, 985605]"
583,"[957232, 1029743, 1056509, 12302069, 843898]"
586,"[1029743, 865456, 906335, 9677874, 937928]"
587,"[1082185, 945662, 885290, 1068719, 1106523]"
588,"[1106523, 919534, 866211, 933835, 898342]"
590,"[1139216, 6463775, 1106523, 1075175, 1081177]"
591,"[935993, 1065017, 957232, 862799, 895930]"
593,"[1106523, 1082185, 1104027, 846760, 984575]"
594,"[957232, 1106523, 832513, 1029743, 865456]"
595,"[1106523, 856060, 865992, 1082185, 1029743]"
596,"[8090537, 8090521, 1106523, 1025581, 850102]"
598,"[9553382, 1105917, 829852, 965766, 12731544]"
600,"[1029743, 942525, 858514, 916122, 1021324]"
602,"[833940, 1029743, 882308, 1021116, 1014948]"
603,"[899624, 1068719, 1106523, 1122358, 838186]"
604,"[7441668, 1082185, 900586, 914577, 6979545]"
605,"[13133916, 965772, 1106523, 1027372, 1119112]"
606,"[848107, 12781777, 1036930, 1095944, 1029743]"
608,"[6979753, 1038462, 977508, 1106523, 863762]"
609,"[5569230, 1082185, 1106523, 1038985, 1122358]"
610,[]
611,"[12648296, 1029743, 1089954, 907631, 896613]"
612,"[12132648, 1029743, 826695, 871061, 839656]"
613,[]
614,"[1029743, 952408, 1082185, 927508, 937406]"
615,"[1098844, 883003, 976199, 971922, 948670]"
617,"[979707, 1126899, 1070820, 9546982, 1082185]"
618,"[1037840, 1082185, 1106523, 1070820, 1041796]"
621,"[1112825, 7024871, 943362, 1107039, 1132771]"
622,"[895680, 1106523, 986912, 1034176, 965766]"
623,"[934427, 1029743, 899624, 983584, 1138443]"
624,"[1106523, 5592931, 865992, 844179, 12302069]"
630,"[1070820, 1082185, 1106271, 880895, 6464147]"
631,"[1082185, 899682, 979707, 839485, 937413]"
632,"[1029743, 12301839, 899624, 916122, 838571]"
633,"[1082185, 833940, 961730, 1075368, 5590965]"
636,"[5592931, 1106523, 1029743, 1022254, 8358933]"
637,"[15926844, 1100972, 926905, 1106523, 979707]"
638,"[1082185, 1053530, 1029743, 1059347, 919534]"
640,[]
641,"[1070820, 1126899, 1027216, 12731432, 999858]"
643,"[1029743, 1109136, 1082185, 10149640, 899624]"
644,"[1082185, 874753, 995226, 1005274, 1068719]"
647,"[1029743, 8090536, 933835, 1040807, 8090537]"
648,"[979707, 839419, 899624, 5578547, 854852]"
650,"[1082185, 895166, 6463742, 12171656, 945662]"
652,"[832678, 1065061, 890610, 1051211, 830503]"
653,"[1037840, 979707, 1132771, 1056509, 854852]"
654,"[1082185, 937413, 864893, 1034176, 1040807]"
655,"[901976, 1044078, 833940, 1082185, 916122]"
658,"[1029743, 1068719, 895930, 1022254, 965766]"
659,"[1069522, 938596, 986727, 844179, 12810393]"
660,"[1126899, 1043787, 886996, 13907063, 904236]"
661,"[1055403, 899624, 1001827, 13158064, 1044078]"
662,"[1070272, 1103105, 983584, 862682, 1137346]"
663,"[1082185, 1036486, 1005173, 1088683, 945662]"
665,"[865992, 848029, 986912, 5585510, 1131344]"
666,"[957232, 972235, 1106523, 860167, 844179]"
667,"[1092303, 1082185, 1022254, 872137, 12946027]"
668,"[12384775, 1022254, 1104343, 957951, 1068719]"
669,"[1098844, 1082185, 5568729, 880427, 951412]"
670,"[1029743, 899115, 1082185, 979707, 1137483]"
671,"[1029743, 847434, 1056509, 949151, 828393]"
672,"[1082185, 983584, 1029743, 1041796, 1044078]"
673,"[1080784, 1082185, 1106523, 844179, 836445]"
674,"[940766, 1029743, 936914, 956486, 1081177]"
675,"[1121384, 822161, 940023, 870547, 920145]"
676,"[1095227, 899624, 1106523, 862335, 947798]"
680,"[900586, 832442, 1028166, 12301109, 1050482]"
681,"[890695, 850102, 8019916, 856252, 872066]"
684,"[1082185, 1106523, 999779, 1050851, 825365]"
685,"[1015539, 1097398, 1013578, 863447, 6534578]"
687,"[1029743, 1098844, 5569230, 1106523, 871722]"
690,"[1088771, 1006664, 1022254, 1037840, 976199]"
691,"[1082185, 825365, 1006184, 989069, 1044078]"
692,"[1082185, 1004436, 995311, 1065380, 972416]"
693,"[1044188, 9245108, 1104349, 951164, 1126703]"
694,"[1029743, 1037840, 883932, 1043730, 999250]"
695,"[13039088, 1029743, 835499, 933835, 1082185]"
696,"[1082185, 1126899, 863885, 983584, 879393]"
697,"[879445, 1082185, 1070820, 1106271, 979707]"
698,"[1106523, 1029743, 965766, 5568378, 1044078]"
699,"[899624, 962229, 1082185, 1095374, 1043751]"
700,"[899624, 1106523, 1000753, 1101010, 1082185]"
701,"[13115579, 913026, 839656, 1088429, 835098]"
702,"[1082185, 865456, 899624, 1029743, 12731432]"
703,"[9884484, 1041796, 946995, 1059347, 916575]"
705,"[1029743, 1106523, 1082185, 1126899, 1076516]"
706,"[1034886, 1087102, 1029743, 872137, 1070820]"
707,"[1110111, 851903, 965766, 1098844, 1014948]"
708,"[845208, 7168774, 1069609, 1029743, 909249]"
709,"[889692, 917816, 1075368, 1123022, 1055504]"
710,"[1106523, 922636, 1082185, 1044078, 830203]"
711,"[1026946, 1029743, 864893, 983584, 828393]"
712,"[1070820, 822049, 963365, 902172, 999270]"
713,"[1029743, 1075368, 5569230, 10344585, 1052294]"
714,"[899624, 1126899, 12301109, 1082185, 979707]"
715,"[1082185, 1106523, 1087102, 885863, 1069609]"
716,"[1126899, 1082185, 1041796, 6034857, 916122]"
717,"[1106523, 1068719, 940947, 1087102, 986912]"
718,"[859075, 845208, 963971, 12731432, 9655212]"
719,"[933835, 1082185, 1106523, 1040807, 895930]"
720,"[1055504, 1115069, 1056212, 863447, 879734]"
721,"[1126899, 7168286, 930918, 960732, 1087102]"
722,"[1082185, 925854, 1106523, 9677624, 916122]"
723,"[1082185, 1022340, 1071343, 827079, 916487]"
725,"[899624, 900802, 957063, 1027372, 1068719]"
726,"[1022254, 995965, 1065129, 1024731, 12757280]"
727,"[961980, 5568729, 950894, 870547, 1106523]"
728,"[1029743, 1069039, 1080677, 899624, 976199]"
729,"[1103105, 8293447, 841220, 6463742, 1005274]"
730,"[1126899, 954347, 8293447, 971983, 1082185]"
731,"[971957, 1029743, 979707, 5569845, 983584]"
733,"[7443137, 5566472, 1106523, 1102250, 885697]"
734,"[970160, 1098844, 1029743, 1055504, 907099]"
735,"[1106523, 1072523, 1043663, 1082185, 1041032]"
736,"[1029743, 955921, 1082185, 899624, 1106271]"
740,"[1022254, 956672, 5565453, 1024306, 8290421]"
741,"[13654702, 916122, 901666, 845208, 976199]"
742,"[965766, 1106523, 899624, 1004906, 983584]"
743,"[5564303, 1106523, 12384775, 1027068, 968072]"
744,"[1082185, 1098844, 1051323, 1070820, 1056509]"
745,"[1082185, 854852, 8069350, 1109014, 854754]"
747,"[8090509, 1021715, 8090537, 866211, 991592]"
748,"[1122358, 1106523, 1044078, 8090521, 1138292]"
749,[]
750,"[919534, 1082185, 907631, 965766, 866211]"
752,"[986912, 1082185, 933835, 1100972, 862725]"
753,"[1082185, 872137, 1029743, 10285005, 899459]"
754,"[1082185, 1016785, 841584, 1005274, 969403]"
755,"[12781829, 12782182, 10149640, 1082185, 1100972]"
757,"[9884698, 1082185, 5569471, 943892, 10149640]"
759,"[1082185, 906844, 986912, 5567601, 10150194]"
761,"[1029743, 1106523, 1082185, 1041796, 9297574]"
762,"[986912, 938319, 1022254, 1082185, 10455984]"
764,"[1029743, 1082185, 6391134, 898847, 1028422]"
766,"[1082185, 901062, 1098844, 848319, 916990]"
767,"[1042571, 1082185, 999198, 1027168, 983584]"
768,"[1029743, 9526572, 834117, 957232, 913210]"
769,"[1106523, 1029743, 1082185, 5592261, 8293447]"
770,"[1085138, 928589, 1029743, 1082185, 5569230]"
771,"[979707, 6034857, 1026118, 940947, 13877192]"
773,"[835973, 938300, 1082185, 1022097, 909714]"
776,"[907631, 1109948, 1029743, 899624, 1043971]"
777,"[862799, 1044759, 1104343, 899624, 923670]"
779,"[822259, 6533362, 976199, 1082185, 963365]"
781,"[872137, 12946027, 871061, 5578437, 848319]"
784,"[15926886, 5569230, 1139782, 1082185, 979707]"
786,"[1082185, 5569230, 972665, 878715, 1106523]"
787,"[1079528, 999104, 1082185, 857538, 1082212]"
788,"[1108168, 1024051, 1057113, 899624, 1029743]"
789,"[883003, 976199, 1082185, 1137771, 1042907]"
790,"[7409944, 7410320, 9297310, 1110624, 8181555]"
793,"[1068719, 1082185, 8090545, 947201, 1087605]"
794,"[950638, 979707, 1051211, 857503, 1126899]"
795,[]
796,"[969866, 1082185, 1022254, 993638, 1026118]"
798,"[13841744, 6463742, 9655679, 1126899, 6534030]"
799,"[1082185, 1126899, 1050851, 901062, 1122358]"
800,"[1104343, 5590965, 9676997, 995965, 911974]"
801,"[976199, 1082185, 1029743, 9884698, 9245106]"
802,"[983584, 1082185, 1041796, 919534, 827667]"
803,"[1082185, 1087753, 1104649, 1018769, 9803483]"
804,"[1029743, 957063, 1013928, 1037840, 1082185]"
805,"[870547, 899624, 916122, 1029743, 949023]"
806,"[1082185, 958027, 7024871, 1029743, 839419]"
807,"[1029743, 838186, 8090653, 858999, 6034857]"
808,"[1029743, 883202, 1082185, 992151, 979707]"
810,"[993638, 962615, 1082185, 961979, 999250]"
811,"[1029743, 5568378, 899624, 916122, 834117]"
813,"[1022254, 832513, 1050851, 883932, 6979803]"
814,"[12648296, 907631, 985999, 1012587, 1041796]"
816,"[1082185, 1054539, 13213475, 901062, 1075368]"
817,"[1070820, 1082185, 1092588, 856345, 1125530]"
818,"[1029743, 9297191, 827656, 925862, 1082212]"
820,"[1082185, 1106523, 1005173, 9884698, 1037840]"
822,[]
823,"[999250, 986912, 1106523, 1018007, 1104343]"
824,"[1106523, 1086061, 1022254, 12811532, 1082185]"
825,"[1082185, 1098844, 867469, 915493, 1031253]"
826,"[961620, 1082185, 1037840, 934399, 1030093]"
829,"[1082185, 960791, 1137775, 872137, 1029743]"
830,"[1106523, 899624, 1082185, 1029743, 1004906]"
831,"[957232, 916122, 957736, 960421, 13907324]"
836,"[851287, 990869, 916993, 1042544, 9884698]"
837,"[872137, 1082185, 1138467, 854852, 848319]"
840,"[1029743, 1082185, 1090884, 927238, 965766]"
841,"[1135468, 1044078, 1128240, 970747, 1106523]"
842,"[1029743, 845894, 9245108, 899624, 861279]"
844,"[1127831, 1082185, 5566472, 1123146, 957232]"
845,"[8090533, 1071594, 825994, 973086, 1009361]"
846,"[829291, 866871, 890695, 1004906, 12301109]"
847,"[1121694, 1082185, 919534, 1005274, 1001827]"
848,"[1089025, 826666, 5568845, 894401, 890909]"
850,"[957232, 1128244, 899624, 934639, 871756]"
852,"[1126899, 1070820, 976199, 1068719, 1082185]"
853,"[871722, 9859017, 970202, 1095751, 1082990]"
854,"[1041796, 899624, 1027168, 12946027, 945998]"
855,"[1029743, 1098844, 916993, 1083446, 963868]"
856,"[10341855, 1082185, 1022254, 928749, 990797]"
857,"[9803545, 1071342, 1013407, 973135, 8090537]"
858,"[1070820, 899624, 1082185, 910473, 1051516]"
859,"[1075368, 13841744, 5569230, 13877192, 6395907]"
861,[]
862,"[1103629, 891463, 5570408, 1068719, 1038663]"
863,"[928932, 1119761, 1037337, 1029743, 5569135]"
864,"[1029743, 899624, 8090521, 1004906, 895930]"
865,"[1106523, 1067606, 6443332, 899624, 1075368]"
866,"[1106523, 1044078, 983584, 870547, 844179]"
867,"[983584, 937928, 986912, 1075368, 1106523]"
868,"[9884484, 1022097, 912704, 834117, 7024871]"
869,"[5592931, 834962, 1068719, 826842, 895680]"
871,"[10182664, 1104343, 979707, 831181, 1082185]"
875,"[1082185, 1126899, 899624, 971983, 951412]"
876,"[843418, 916993, 1082185, 1123106, 1123496]"
877,"[5995228, 989683, 1126899, 871061, 899565]"
878,"[947798, 1106523, 15926886, 838186, 1082185]"
879,"[862682, 835530, 5568729, 844179, 916122]"
880,"[866211, 1082185, 910673, 1112238, 8090513]"
881,[]
882,"[957063, 1106523, 1065871, 1029743, 1137775]"
883,"[1057749, 1082185, 1110111, 1005274, 9420181]"
884,[]
885,"[5587656, 1068719, 1106523, 871756, 965766]"
886,"[1004001, 1070820, 863762, 1082185, 1126899]"
887,"[957232, 950894, 919534, 884945, 1084036]"
888,"[933835, 1082185, 979877, 856252, 1029743]"
889,"[1126899, 880427, 1082185, 9881592, 13213271]"
891,"[866211, 983584, 913278, 995965, 13654702]"
893,"[872137, 1106523, 8292958, 957232, 843111]"
894,"[825541, 1082185, 883912, 1138631, 1051516]"
895,"[868888, 1082185, 1112238, 5995603, 7024847]"
897,"[1079528, 928263, 1070820, 1121384, 1029743]"
898,"[1011926, 848319, 845208, 995965, 1026118]"
900,"[1068719, 10149640, 879393, 5569230, 976199]"
903,[]
904,"[1106523, 871061, 1002850, 862799, 836445]"
906,"[860703, 1048237, 1137507, 6979248, 911974]"
907,"[986912, 1082185, 1022254, 1092588, 961979]"
908,"[1104343, 1068719, 1029743, 1070820, 1078666]"
909,"[1082185, 1029743, 976199, 9935616, 10149640]"
911,"[1082185, 979707, 1092303, 1022254, 5563693]"
913,"[994223, 1070820, 1121656, 834117, 1029743]"
914,"[862335, 12302069, 1033142, 1042544, 823721]"
915,"[1068719, 880150, 957232, 1128163, 1082185]"
916,"[824193, 1075368, 1126899, 1106523, 1071733]"
919,"[1029743, 1074333, 1082185, 1106523, 983584]"
920,"[1106523, 1097001, 1082185, 9653714, 1058709]"
922,"[1082185, 1132198, 850768, 1130581, 1126899]"
924,"[1029743, 1075470, 1087851, 1014116, 905636]"
926,"[1138443, 1134633, 1101706, 1062340, 1104343]"
927,"[1126899, 871402, 1005274, 1082185, 1087102]"
928,"[1029743, 1037863, 1092303, 1006063, 1082185]"
929,"[1070820, 938319, 871188, 933835, 12385477]"
930,"[1050741, 850102, 917033, 1016800, 1022827]"
931,"[1029743, 866043, 12524439, 1040807, 1115711]"
934,"[1082185, 1004906, 1106523, 1068719, 1093113]"
935,[]
936,"[1082185, 1029743, 1106523, 1003616, 899624]"
937,"[1126899, 1021116, 6034857, 1134810, 995965]"
939,"[1082185, 1106523, 13841744, 1103105, 1102416]"
940,"[10456164, 1019637, 1074040, 975649, 9526448]"
941,"[6464166, 9677236, 5568378, 916122, 8273833]"
942,"[1015539, 1029743, 1014388, 988116, 908314]"
943,"[5592931, 1106523, 940090, 1035207, 10198378]"
944,"[1106523, 1132771, 1101010, 903609, 1071336]"
946,"[1068719, 1082185, 1132771, 1106523, 866211]"
947,"[1101010, 944486, 895930, 1075283, 883003]"
949,"[13115579, 1029743, 1035691, 829001, 8090521]"
951,"[1029743, 1050851, 823704, 1042438, 841220]"
952,"[1075368, 856215, 1122358, 1029743, 1037840]"
953,"[1029743, 13213552, 1082185, 999104, 965842]"
954,"[880150, 999779, 909714, 1089954, 976199]"
955,"[1106523, 1103629, 866211, 1027068, 844179]"
956,"[1070820, 1057749, 865992, 9803545, 9527323]"
957,"[1032703, 1116589, 5592931, 926206, 1068719]"
959,"[1029272, 13654702, 1106523, 10455984, 1047076]"
960,"[886395, 1030406, 6979437, 1053016, 1070820]"
961,"[1082185, 956672, 1029743, 976199, 909249]"
964,"[1044188, 1106523, 9297223, 1051211, 1098844]"
965,"[5592261, 871756, 944534, 9836106, 1122358]"
967,[]
968,"[1082185, 1075368, 983584, 954673, 1029743]"
969,"[1029743, 1082185, 1002771, 901062, 1115175]"
971,"[1075368, 1082185, 919535, 866211, 1085357]"
972,"[13008334, 6632283, 1136719, 982790, 832678]"
973,"[921406, 944836, 1071446, 13417954, 1126890]"
974,[]
975,"[5569327, 868888, 910151, 5569471, 995965]"
976,"[1082185, 9881592, 933835, 902172, 1127831]"
978,"[1082185, 1070820, 1106523, 1111129, 1098844]"
979,"[904236, 1029743, 899624, 8066803, 1082185]"
981,"[1082185, 1041796, 8290421, 999104, 913210]"
982,"[1075368, 1029743, 962229, 885697, 1082185]"
983,"[1029743, 5568378, 834117, 1072494, 1102416]"
984,"[9655078, 1082185, 979707, 1022254, 1106523]"
985,"[1029743, 1098844, 1082185, 1040807, 5568729]"
986,"[1116635, 8090440, 5572220, 1029743, 837908]"
987,"[986912, 1070820, 916122, 976199, 849202]"
988,"[1070820, 1044188, 1102067, 1112766, 1119942]"
989,"[1029743, 1089766, 1082185, 899624, 1031864]"
991,"[1026118, 5585510, 9553176, 986912, 9553193]"
992,"[909714, 9487286, 960732, 963286, 857503]"
993,"[1082185, 887661, 9483753, 971922, 1101010]"
996,"[953539, 978077, 15831255, 9296919, 1040807]"
997,"[926033, 994685, 1070820, 1082185, 6463907]"
998,"[1082185, 1037840, 899624, 9836106, 901460]"
999,"[1029743, 6704207, 983584, 5981267, 5590695]"
1000,"[1082185, 986912, 12427353, 957232, 854852]"
1001,"[8090570, 997987, 1135834, 12301109, 1082185]"
1003,"[976199, 1070820, 1082185, 5590695, 899624]"
1004,"[995628, 1029743, 964521, 961620, 6979248]"
1005,"[954102, 1004906, 979707, 992529, 1108168]"
1007,"[1029743, 1098844, 899624, 12302069, 1004906]"
1008,"[910473, 979707, 1128240, 5568378, 1002850]"
1010,"[1082185, 953539, 1036093, 9527323, 1076954]"
1011,"[916122, 1046756, 899624, 1070820, 944836]"
1012,"[1082185, 1070820, 986912, 8090440, 1027168]"
1014,"[911974, 1104343, 948670, 7024830, 976199]"
1015,"[1082185, 1037332, 947412, 10455984, 1101104]"
1018,"[1070820, 858514, 936355, 872137, 1004906]"
1019,"[1106523, 863447, 957736, 854852, 1044078]"
1020,"[1070820, 1082185, 833724, 15926886, 13008334]"
1021,"[1082185, 1029743, 1122358, 10344585, 1070820]"
1023,"[974204, 919423, 936830, 9296837, 963835]"
1024,"[1106523, 1043751, 940947, 15926886, 1056509]"
1025,"[1106523, 894401, 5568378, 8119318, 983584]"
1027,"[862799, 899624, 1132771, 1082185, 914318]"
1029,"[1021416, 1126899, 1082185, 1048257, 9297615]"
1030,[]
1034,[]
1038,"[5592931, 1082185, 1041796, 1026118, 1022254]"
1039,"[1082185, 1029743, 972665, 835098, 884686]"
1040,"[1082185, 1126899, 1075368, 849202, 999090]"
1041,"[1106523, 1115098, 845163, 948832, 1127470]"
1042,"[856252, 1082185, 1048352, 985999, 951412]"
1043,[]
1045,"[1082185, 985893, 1029743, 1043663, 834117]"
1046,"[1126899, 1135552, 1082185, 1120275, 823862]"
1047,"[899624, 1029743, 12484491, 12301100, 944534]"
1050,"[899624, 1068719, 13877192, 1082185, 1004906]"
1051,"[1029743, 1082185, 933835, 1004906, 883932]"
1053,"[835279, 8293426, 979707, 971922, 7409982]"
1057,"[1117219, 1082185, 12171656, 892531, 916990]"
1058,"[10341855, 5568378, 918046, 883003, 901976]"
1060,"[1082185, 5569230, 8090521, 1021416, 827656]"
1061,"[1106523, 832678, 1041531, 899624, 1025611]"
1062,"[1029743, 7142552, 940947, 827656, 949142]"
1064,"[862799, 1082185, 1093571, 1051211, 8090521]"
1066,"[1082185, 986912, 924352, 835098, 885290]"
1067,"[1029743, 1126899, 1075368, 1068719, 5592694]"
1068,"[1041796, 1000753, 1128240, 1004906, 1025611]"
1069,"[923314, 1029743, 904129, 999858, 989069]"
1070,"[856345, 8293439, 1134398, 1029743, 7167945]"
1071,"[1068719, 946839, 1082185, 1106523, 999270]"
1073,"[1082185, 1013597, 993085, 893221, 1131488]"
1074,"[1029743, 990656, 951197, 10344585, 13775274]"
1075,"[1002850, 10149640, 1029743, 986912, 910673]"
1076,"[1089954, 999714, 948381, 865456, 1075368]"
1077,"[891632, 937292, 893018, 12731714, 949965]"
1078,"[1126899, 1026118, 1082185, 1098844, 1106523]"
1080,"[899624, 1029743, 8090537, 946839, 1068719]"
1081,"[899624, 13071902, 845208, 1068719, 1056509]"
1082,"[1106523, 979707, 5587656, 5590613, 988202]"
1083,"[908843, 979707, 864335, 899624, 825343]"
1084,"[907625, 1122358, 6704207, 879008, 844179]"
1085,"[1029743, 1082185, 1040807, 1070702, 908318]"
1086,"[1076954, 1082185, 971922, 844179, 979707]"
1087,"[1106523, 899624, 1082185, 1081177, 844179]"
1088,"[1077600, 997011, 1045478, 835530, 1022254]"
1089,"[947798, 1029743, 1006483, 1068719, 849202]"
1090,"[974265, 1022254, 916122, 1106523, 844179]"
1091,"[1029743, 1139142, 1082185, 5569230, 12302069]"
1092,"[13841744, 1067779, 912451, 1039627, 1068719]"
1093,"[1004906, 1013407, 5568729, 1029743, 854405]"
1094,"[1029743, 1082185, 933835, 983584, 1138443]"
1096,"[1082185, 6773232, 1090676, 1106523, 1026118]"
1097,"[981677, 857130, 1106523, 8090440, 838186]"
1098,"[10341855, 864893, 5585510, 901062, 983584]"
1100,"[976199, 945662, 12808385, 910473, 849202]"
1102,"[1082185, 1086483, 1029743, 866211, 865456]"
1103,"[1126899, 994994, 862535, 1029743, 922281]"
1104,"[5571261, 901460, 1082185, 1114605, 1040812]"
1105,[]
1106,"[1008547, 12757316, 1082185, 1106523, 1037840]"
1108,"[1029743, 1088771, 1082185, 7147915, 1018740]"
1109,"[1082185, 1109014, 899624, 1070820, 1115576]"
1110,"[1775642, 1070820, 1086061, 1018007, 1082185]"
1111,"[827919, 1025650, 15926886, 819840, 1106523]"
1112,"[976199, 1082185, 6034857, 1075368, 1010681]"
1113,"[1082185, 916122, 1126899, 845208, 909714]"
1114,"[1029743, 8090521, 999198, 12810393, 960732]"
1115,[]
1117,"[1106523, 1082185, 1001702, 1099089, 1068719]"
1119,"[1082185, 940947, 12302069, 999270, 5582712]"
1120,"[896613, 1082185, 925862, 848319, 899624]"
1121,"[1082185, 1092937, 872137, 962229, 9835509]"
1123,"[1126899, 1098844, 1041796, 857176, 913026]"
1124,"[1106523, 1137346, 8090521, 8090537, 1082185]"
1127,"[907631, 1029743, 999599, 12731714, 6034857]"
1128,"[921406, 1044188, 999198, 5592931, 1106523]"
1129,"[858439, 899115, 909714, 1029743, 1037332]"
1130,"[899624, 978077, 935993, 1082185, 1137775]"
1131,"[864893, 1029743, 5587656, 13380863, 963971]"
1132,"[844179, 922561, 836445, 1070702, 823990]"
1133,"[1098844, 1029743, 1082185, 980246, 1055504]"
1134,"[1082185, 957232, 1070820, 948670, 1022254]"
1135,"[1029743, 944534, 1019247, 1103691, 972235]"
1136,"[919534, 1082185, 1106523, 937292, 907631]"
1137,"[935527, 1082185, 924667, 885290, 914318]"
1138,"[15926886, 941515, 1015539, 1106523, 9835880]"
1139,"[942077, 1131625, 1082185, 833724, 856942]"
1141,"[983584, 1029743, 907631, 949965, 10149640]"
1142,"[878715, 1067695, 965766, 1082185, 916122]"
1145,"[957411, 1094308, 12648296, 1037417, 944852]"
1146,"[962967, 1029743, 1098844, 933067, 854852]"
1147,"[1106523, 1076226, 8118517, 1068719, 965766]"
1149,"[1041796, 982469, 1026118, 1106523, 1082185]"
1151,"[1136524, 6602697, 1106523, 1122358, 1098844]"
1152,"[1110111, 963234, 1029743, 5569471, 9487885]"
1154,"[1106523, 1000148, 10457532, 1089025, 1001333]"
1155,"[965766, 1044078, 1082185, 916122, 899624]"
1157,"[1070820, 1051071, 939681, 1069506, 1079228]"
1158,"[1049735, 1098844, 1124695, 1106523, 8357825]"
1159,"[6391080, 1082185, 856210, 1068719, 5572308]"
1160,"[1044078, 1068719, 1004906, 12301100, 871756]"
1161,"[976199, 848319, 1106523, 1070820, 8090537]"
1163,"[1082185, 1029743, 854405, 6039859, 976199]"
1164,"[1082185, 1070820, 13654702, 893676, 1111722]"
1166,"[1029743, 1068719, 1082185, 5566800, 12456589]"
1167,"[1082185, 1070820, 1110743, 953243, 1062002]"
1168,"[983584, 1019637, 1055044, 1106523, 1029743]"
1169,"[1082185, 929373, 819927, 1038663, 883003]"
1171,"[1029743, 909714, 1075368, 908064, 919534]"
1172,"[1029743, 963686, 1068719, 970866, 1122358]"
1174,"[986912, 896862, 1068719, 1106523, 965766]"
1175,"[1098844, 963365, 1082185, 8066803, 968759]"
1176,[]
1178,"[6464165, 1104343, 9526572, 903350, 1022254]"
1179,"[1076769, 15926886, 1056509, 1082185, 899624]"
1180,"[1029743, 1104649, 965766, 12781777, 5587656]"
1182,"[1068719, 899624, 979707, 1106523, 1044078]"
1183,[]
1185,"[1106523, 1059902, 1002850, 1121360, 930666]"
1186,"[1098844, 1082185, 903800, 1126899, 872137]"
1187,"[910673, 990797, 1106523, 896974, 854900]"
1188,"[960613, 13115938, 15926844, 883202, 1106523]"
1189,"[1106523, 904997, 819840, 1022254, 904240]"
1190,"[1029743, 12810393, 8090521, 928263, 1116635]"
1191,"[999104, 1082185, 5569230, 968992, 842140]"
1192,"[10344586, 1041796, 1068719, 932863, 12301109]"
1193,"[1106523, 1013928, 8090537, 899624, 1102416]"
1194,"[1044078, 1022254, 910473, 1038745, 979707]"
1195,"[1075368, 1049372, 1054262, 1027168, 1026118]"
1196,"[1082185, 1012801, 1070820, 924864, 909714]"
1197,"[1029743, 1013407, 933835, 919534, 9859111]"
1198,"[915064, 900586, 1082185, 1098844, 1005274]"
1201,"[8090537, 865456, 907099, 12302069, 1056509]"
1202,"[1082185, 1048257, 836085, 1051516, 8293447]"
1203,"[1106523, 1072523, 904435, 1082185, 1042438]"
1204,"[1106523, 926905, 933835, 917033, 1037840]"
1205,"[1029743, 1072086, 1082185, 1068719, 833598]"
1206,"[1088910, 7409618, 1106523, 951164, 1044078]"
1207,"[1082185, 883202, 1037840, 5569374, 1070702]"
1208,"[1106523, 1098284, 1082185, 10198378, 899624]"
1209,"[1029743, 986912, 938319, 957951, 953539]"
1210,"[1070820, 1082185, 857503, 963971, 9575582]"
1211,"[977927, 879504, 6034577, 9396705, 918598]"
1214,[]
1216,"[946995, 5569230, 1082185, 10344585, 1022254]"
1217,"[1029743, 1075368, 1050851, 1082185, 1070898]"
1218,"[1070820, 1067494, 1027168, 1082185, 918588]"
1219,"[1022254, 1068719, 933067, 12301109, 1004906]"
1221,"[1029743, 1082185, 1098844, 1055504, 1004906]"
1222,"[933835, 1091090, 849505, 5569230, 1082185]"
1223,"[930283, 1106523, 5569230, 1103105, 8090521]"
1224,"[1068719, 969866, 872137, 1103105, 979707]"
1225,"[949965, 1106523, 937292, 1068719, 1082185]"
1226,"[1082185, 1070820, 1111722, 1098844, 1089025]"
1227,"[823721, 5568378, 841220, 1098248, 1070702]"
1228,"[1082185, 1022254, 1106523, 5569471, 994685]"
1229,"[1070820, 979707, 862799, 951412, 916122]"
1230,"[1106523, 1029743, 1044078, 5578856, 854852]"
1231,"[878715, 1029743, 1014116, 1041796, 1108094]"
1234,"[933354, 854496, 1043837, 885406, 1051211]"
1236,"[965766, 8090521, 5569230, 1037840, 962229]"
1238,"[829323, 962229, 890610, 1029743, 872137]"
1240,"[1044259, 1070820, 880427, 10457044, 6034857]"
1241,[]
1242,[]
1245,"[936117, 992529, 969866, 950206, 863447]"
1246,"[1126899, 12781777, 1108094, 1040807, 971922]"
1247,"[1126899, 1029743, 899624, 1117690, 1040807]"
1248,"[1106523, 13158064, 888054, 925862, 865511]"
1249,"[1106523, 925862, 12811532, 1102067, 916122]"
1252,"[925862, 1070820, 872137, 999104, 899624]"
1255,"[8090509, 1072523, 1106523, 1082185, 856252]"
1256,"[1000542, 1137688, 1022254, 9837092, 979707]"
1257,"[1126899, 1082185, 5563930, 1022254, 1055504]"
1258,"[852600, 5569471, 1051211, 1082185, 872137]"
1259,"[1082185, 916993, 6533608, 960732, 1126899]"
1260,"[1082185, 999104, 1098248, 949257, 922127]"
1261,"[1082185, 1056212, 840227, 866211, 1110042]"
1262,[]
1263,"[12262778, 1016800, 1029743, 835578, 850102]"
1264,"[1087618, 952972, 916990, 1134483, 1136341]"
1265,"[1082185, 1067606, 1042544, 1054402, 971922]"
1266,"[899624, 8203851, 1082185, 863447, 965766]"
1267,"[1082185, 12171656, 1098844, 1036699, 916122]"
1269,"[899624, 827919, 908318, 1082185, 9673980]"
1270,"[1106523, 1082185, 1026118, 1041796, 1072523]"
1271,"[1082185, 1029743, 947412, 864279, 899459]"
1272,"[974766, 916122, 6602697, 904833, 1023196]"
1274,"[1070820, 1082185, 963835, 8090537, 883912]"
1277,"[1106523, 1006483, 1090884, 990797, 1137346]"
1278,[]
1279,"[965766, 1082185, 1106523, 1134006, 969866]"
1280,[]
1281,"[1128016, 825365, 1044078, 1004906, 1131344]"
1282,"[1106523, 845208, 1086483, 9835223, 899624]"
1283,"[12301100, 1004906, 965766, 1044078, 10344586]"
1284,"[15926886, 899624, 1128240, 1068719, 864893]"
1285,"[5569230, 1128240, 1089568, 1106523, 916122]"
1287,"[1082185, 841584, 965766, 872137, 904777]"
1288,"[1082185, 1090587, 6039859, 1081177, 897954]"
1289,"[1055155, 1064213, 9677454, 1029743, 5569230]"
1290,"[979707, 916122, 6463742, 934639, 1068719]"
1291,"[1106523, 1132771, 927238, 874972, 854852]"
1293,"[979707, 1004906, 944534, 1044078, 12302069]"
1294,"[1126899, 1082185, 909800, 976199, 1092120]"
1295,"[1029743, 7410335, 1041796, 1082185, 8090509]"
1296,"[1041796, 901062, 935578, 903183, 1084211]"
1297,"[1082185, 867138, 870515, 882247, 970160]"
1298,"[15717057, 931255, 12695224, 1029743, 1004906]"
1299,"[897125, 1082185, 13877012, 843929, 1029743]"
1300,"[1106523, 1061402, 1055504, 1126899, 9245108]"
1303,"[1029743, 959272, 976199, 8090521, 8090539]"
1304,"[871611, 1029743, 1106523, 1129609, 999104]"
1305,"[1106523, 944139, 983584, 1069538, 837644]"
1306,"[12301839, 1068719, 1029743, 844179, 1039627]"
1307,"[13654702, 1082185, 986912, 839243, 901062]"
1310,"[8090521, 916122, 1082990, 5569230, 1055504]"
1312,"[1082185, 1029743, 979707, 983584, 919534]"
1313,"[1029743, 979707, 1082185, 883932, 9836106]"
1314,"[1029743, 963365, 1050741, 1102416, 976199]"
1316,"[1029743, 982790, 919534, 1137010, 1082185]"
1317,"[1029743, 1138292, 5568489, 1016298, 923314]"
1318,"[947427, 1113164, 941368, 925862, 986021]"
1319,"[880150, 5569845, 863447, 1068719, 1050851]"
1321,"[1106523, 1075470, 9803545, 893018, 1127831]"
1325,"[1098844, 1082185, 9337958, 6602327, 14106445]"
1326,"[1029743, 899624, 1044078, 1056509, 1103105]"
1328,"[1082185, 875089, 1004906, 1029743, 866211]"
1329,"[1098248, 9526628, 1120361, 844179, 1008032]"
1330,"[1106523, 856252, 910032, 1112766, 1042907]"
1331,"[1031316, 1029743, 1041796, 1048373, 1068719]"
1332,"[996028, 13071902, 1112205, 880150, 1082185]"
1333,"[1082185, 1126899, 888586, 5995603, 1053988]"
1334,"[1081177, 907631, 983584, 909714, 1044078]"
1335,"[835973, 1010681, 1098248, 836286, 901062]"
1336,"[916122, 979707, 1138443, 1044078, 1029743]"
1337,"[1082185, 923670, 962229, 983584, 5569230]"
1338,"[1106523, 842392, 899624, 1044078, 1027168]"
1340,"[951412, 1024032, 12301109, 912704, 916122]"
1342,[]
1343,[]
1344,"[1082185, 7168057, 1029743, 1008288, 945662]"
1346,"[866211, 1095712, 1082185, 5569309, 916122]"
1347,"[957232, 1029743, 849202, 998206, 1138292]"
1350,"[965766, 1029743, 1051323, 872137, 842140]"
1351,"[1106523, 1044078, 1048373, 1082185, 1029743]"
1352,"[1045826, 1116050, 10149640, 871722, 915493]"
1353,"[15926844, 1137346, 899624, 1068719, 12672980]"
1354,"[7025046, 10285373, 12648296, 1082185, 1081533]"
1355,"[871756, 1022254, 1056509, 1075214, 1029743]"
1356,"[1070820, 5569230, 946839, 939527, 951727]"
1357,"[1070820, 866548, 983897, 8090521, 12757316]"
1358,"[1082185, 1041796, 965766, 8273833, 12301100]"
1359,"[916122, 1029743, 883003, 6463742, 1075368]"
1360,[]
1361,[]
1362,"[7169088, 921406, 7168026, 1097350, 1121393]"
1363,"[1098844, 9836106, 979707, 1029743, 933835]"
1364,"[1082185, 1029743, 1101378, 1070820, 1056509]"
1366,"[5566800, 922561, 1082185, 1126899, 1101010]"
1367,"[1126899, 1116635, 979707, 1033142, 970866]"
1368,"[994685, 6464074, 916122, 12263692, 5568447]"
1369,"[1082185, 1126899, 1011926, 985889, 857538]"
1370,"[1106523, 844179, 1105917, 919534, 8090550]"
1373,"[1098844, 6034857, 1022254, 1087081, 909714]"
1374,"[1106523, 944534, 921438, 871611, 1082185]"
1375,"[6034857, 1106523, 1070820, 6602697, 1082185]"
1376,"[1029743, 1034176, 1082185, 990797, 919534]"
1378,"[6552318, 9653535, 1082185, 909268, 1062002]"
1379,"[932242, 1082185, 899624, 840227, 962229]"
1380,"[1029743, 5569374, 1004906, 1106523, 1128812]"
1381,"[1082185, 1106523, 1092303, 1062002, 914318]"
1382,"[1029743, 8090508, 899624, 940947, 1106523]"
1383,"[909714, 13190349, 1034176, 1082185, 951674]"
1384,"[844179, 1106523, 1004906, 1068719, 880150]"
1385,"[1029743, 1122358, 1022254, 5568197, 890909]"
1387,"[1017369, 854133, 944534, 899624, 960791]"
1388,"[1042544, 1022066, 873577, 5570383, 7168058]"
1389,"[10150194, 1053628, 1121694, 5568447, 12171656]"
1390,"[895680, 851819, 995628, 976199, 5569230]"
1391,"[7410320, 872137, 965772, 1110624, 1070702]"
1393,"[1082185, 12524016, 12757544, 956672, 861256]"
1394,"[1125601, 940947, 845975, 1101437, 979707]"
1395,"[1126899, 6533608, 8090537, 1068292, 848029]"
1397,"[1082185, 1085983, 1068719, 1106523, 918046]"
1398,"[1072523, 844179, 5569471, 986912, 999779]"
1399,"[1082185, 1004001, 6034857, 1093571, 9673830]"
1401,"[1041796, 1029743, 1044078, 844179, 1043663]"
1402,"[1082185, 1104343, 1106523, 937292, 1092303]"
1403,[]
1405,"[976199, 1056509, 6533581, 1106523, 835098]"
1406,"[1138443, 826666, 996087, 933835, 948298]"
1408,"[15452705, 1029743, 1106523, 1037417, 1054262]"
1409,"[1082185, 1116050, 942565, 851528, 820347]"
1410,"[1029743, 1022254, 872137, 976199, 1070702]"
1412,"[1082185, 1032512, 8090539, 862799, 9487606]"
1413,"[892531, 1029743, 1051323, 1072968, 6552318]"
1414,"[1126899, 851287, 1118235, 1053530, 928584]"
1417,"[10198378, 1106523, 896613, 913210, 899624]"
1418,"[1082185, 956672, 1008547, 848319, 948670]"
1419,"[1106523, 957232, 1019637, 925364, 13877192]"
1421,"[1029743, 1082185, 8090521, 15926886, 899624]"
1423,"[5981267, 13008334, 1082185, 1022254, 1087102]"
1425,"[1029743, 1005173, 1101010, 8090537, 940947]"
1426,"[1127600, 1029743, 919534, 5568378, 971922]"
1427,"[960791, 1005849, 1135552, 1046587, 1050534]"
1428,"[1029743, 919126, 913210, 10149640, 1068719]"
1429,"[1126899, 948670, 8119302, 1003524, 898363]"
1430,"[883202, 9858847, 883912, 904521, 13115501]"
1431,"[832678, 934399, 1021324, 998119, 1068719]"
1434,"[1075368, 1082185, 908283, 839419, 1042616]"
1437,"[1044078, 1021324, 899624, 1068719, 1029743]"
1440,"[1106523, 899624, 1056509, 844179, 937292]"
1443,"[1082185, 906844, 1057168, 945662, 942077]"
1445,"[909714, 1029743, 1082185, 951412, 1009361]"
1447,"[1128016, 1029743, 913210, 6391137, 9836106]"
1450,"[1127758, 916122, 979707, 12302069, 9527417]"
1451,"[1082185, 1070820, 921763, 1014458, 1044078]"
1452,"[837495, 1029743, 1013928, 1106523, 1082185]"
1453,"[1092588, 6034857, 1051468, 1043787, 829852]"
1454,"[1029743, 1082185, 9837092, 1045228, 1105488]"
1457,"[1106523, 863447, 910673, 1044078, 823990]"
1458,"[933067, 962266, 1105488, 1082185, 1105917]"
1459,"[872137, 948832, 857130, 918046, 974265]"
1461,"[1082185, 1029743, 1070702, 12132648, 1000753]"
1462,"[1082185, 885290, 997423, 890695, 939275]"
1463,"[8090560, 835300, 986912, 8090537, 850102]"
1464,"[908408, 916122, 973916, 1075275, 1100972]"
1465,"[824180, 872137, 976199, 6391381, 1082185]"
1466,[]
1467,"[5569327, 1029743, 986912, 12301100, 9836106]"
1470,"[1029743, 1063739, 1070820, 1082185, 1087102]"
1471,"[913210, 1126899, 852856, 1038684, 882247]"
1473,"[1126899, 862876, 1087753, 1098844, 1082185]"
1474,"[1106523, 933835, 1041796, 883932, 5570408]"
1475,"[972931, 6533608, 12385477, 897946, 916122]"
1476,"[907099, 1057749, 823099, 1115576, 964462]"
1479,"[1029743, 1110244, 932462, 9526572, 7154535]"
1480,"[1044078, 1029743, 844179, 982790, 1082185]"
1481,"[885290, 13190349, 965766, 834158, 971922]"
1483,"[5569230, 861279, 864335, 1045586, 844179]"
1484,"[1098844, 995628, 1055504, 1082185, 919534]"
1485,"[1106523, 1056509, 1075368, 1082185, 953561]"
1487,"[940947, 1029743, 5569230, 839243, 12301100]"
1488,"[1082185, 1126899, 1059153, 1075175, 979674]"
1489,"[983584, 827999, 1134483, 7166863, 1013597]"
1490,"[8290421, 916122, 9297574, 9297062, 851819]"
1491,"[1082185, 1029743, 928749, 901062, 847066]"
1492,"[12731517, 1082185, 1068719, 1029743, 901062]"
1493,"[1106523, 1041796, 1097001, 999198, 1027168]"
1494,"[1068719, 13213552, 899624, 987571, 824180]"
1495,"[1022254, 986912, 1082185, 1081177, 1038745]"
1499,"[14106445, 872137, 1082185, 945662, 1018822]"
1500,"[1068719, 1122358, 1029743, 1022254, 1082185]"
1501,"[1082185, 1098844, 872137, 8019186, 1006342]"
1502,"[949242, 1082185, 1070820, 849274, 9338009]"
1506,"[979707, 1044078, 12301100, 869047, 844179]"
1507,"[13841744, 883932, 936355, 1043751, 866211]"
1508,"[1126899, 871722, 872137, 951412, 1122358]"
1509,"[1029743, 1042438, 1135552, 1016800, 1046037]"
1510,"[1082185, 986912, 1051211, 1036699, 9834742]"
1511,"[1106523, 983584, 1029743, 978077, 907631]"
1512,"[986912, 1082185, 1029743, 965766, 825365]"
1513,"[1029743, 1044078, 1050851, 1137346, 825365]"
1514,"[1126899, 1082185, 995965, 906335, 843819]"
1515,"[933835, 1041796, 962229, 883003, 872137]"
1517,"[1082185, 1070820, 836286, 919534, 7442180]"
1518,"[863447, 872137, 1029743, 1106523, 825343]"
1519,"[15717057, 1070820, 959272, 903183, 5569230]"
1520,"[15926844, 1029743, 5577022, 899624, 13072944]"
1521,[]
1523,[]
1524,"[1082185, 1126899, 1122568, 1114251, 835098]"
1525,"[899624, 1068719, 871756, 1029743, 1022254]"
1526,"[900586, 864335, 986912, 890610, 8090537]"
1527,"[1082185, 1029743, 1123496, 871402, 7410168]"
1528,"[1082185, 1006922, 1029743, 1075368, 983584]"
1529,"[825749, 9546982, 936117, 863885, 1069039]"
1530,"[1082185, 936830, 999104, 938300, 1022254]"
1531,"[1126899, 1082185, 5568729, 1051516, 990797]"
1532,"[1113164, 5569471, 911609, 1067425, 862010]"
1533,"[1113381, 971474, 1107373, 1126890, 1070820]"
1534,"[1070820, 999198, 867272, 13133916, 851146]"
1535,"[1106523, 844179, 869047, 8203851, 1082185]"
1536,"[1029743, 901776, 1075368, 865511, 1126899]"
1537,"[1029743, 1106523, 1042544, 907631, 12731432]"
1539,"[824193, 12171656, 6463742, 1082185, 895166]"
1540,"[7442008, 8015407, 832678, 838186, 1106523]"
1541,"[849578, 1012801, 1029743, 5568729, 940947]"
1542,"[957232, 935993, 981660, 942166, 8090521]"
1543,"[1043494, 1124029, 1096573, 1029743, 916122]"
1545,"[1106523, 1022254, 1091865, 6463775, 882247]"
1546,"[965766, 907631, 1132771, 1053489, 1070129]"
1547,"[9419525, 901062, 957063, 1102067, 9653714]"
1548,"[875392, 1087753, 1134483, 1029743, 1082185]"
1549,"[986912, 1106523, 1122358, 8203851, 1008547]"
1550,"[1106523, 1082185, 6602697, 1038985, 899624]"
1552,"[1029743, 944836, 899624, 5569845, 5569230]"
1553,"[899624, 1076056, 874972, 9836693, 12171656]"
1555,"[1029743, 986912, 5568729, 1090884, 1041796]"
1556,"[1082185, 863030, 948670, 896757, 902396]"
1557,"[1082185, 1106523, 845208, 1095944, 1026118]"
1558,"[839438, 908318, 1030093, 1082185, 919766]"
1559,"[1075368, 1026945, 940947, 1082990, 854852]"
1560,"[1029743, 1021519, 1121384, 965766, 1082185]"
1563,"[1029743, 1126899, 1137694, 1106271, 899624]"
1564,"[1082185, 1044078, 948650, 9487498, 971922]"
1566,"[943940, 976199, 936741, 1022254, 1005493]"
1567,"[1082185, 8015407, 1026118, 1098248, 1106523]"
1568,"[899624, 12731543, 882489, 1041796, 999270]"
1569,[]
1570,"[979707, 1098248, 899624, 5568729, 1105488]"
1571,"[1062128, 976199, 913210, 907631, 1105488]"
1572,"[1126899, 9835509, 982755, 1005274, 979707]"
1575,"[1022254, 1082185, 979707, 901062, 1026118]"
1576,"[1029743, 1037863, 965693, 1082185, 1022254]"
1577,"[1029743, 843898, 997796, 8273950, 6533608]"
1578,"[916122, 1029743, 1075368, 965766, 8090509]"
1579,"[1029743, 983584, 844179, 1082185, 1127831]"
1580,"[1029743, 979707, 1024051, 1082185, 939636]"
1581,"[839656, 901062, 916122, 1122358, 1081177]"
1584,"[957736, 1029743, 1106523, 1070272, 1011459]"
1585,"[1126899, 14106445, 5568729, 9297228, 5569471]"
1587,"[1029743, 919534, 899624, 953539, 979707]"
1588,"[1082185, 1062117, 6602697, 979707, 901062]"
1590,"[944836, 1070820, 1028891, 6533608, 8292958]"
1591,"[1082185, 896085, 1070820, 889533, 1001827]"
1592,"[10201384, 9884698, 6979526, 1128938, 830503]"
1593,"[869728, 1123434, 979707, 986912, 1082185]"
1594,"[1106523, 901976, 1068719, 5590695, 5981267]"
1595,"[1110042, 930344, 971922, 1137775, 5568378]"
1596,"[979707, 1042571, 1046816, 1051211, 1058404]"
1598,"[830304, 1044078, 1056509, 1072917, 9836106]"
1599,"[1068719, 7025046, 1038745, 7410168, 863447]"
1600,"[1106523, 1093413, 1136755, 968072, 832678]"
1602,"[1070820, 1082185, 1044259, 1104343, 10150194]"
1604,"[832678, 1051211, 968164, 1105301, 944486]"
1607,"[13776705, 1138443, 8090536, 5569374, 8090513]"
1608,[]
1609,"[862725, 1070820, 959179, 1029743, 823775]"
1611,"[1037840, 931255, 1029743, 8181555, 5568378]"
1612,"[1082185, 7167865, 1126899, 1070820, 995198]"
1614,"[1082185, 1022254, 1106523, 944172, 1055504]"
1618,"[1082185, 1138443, 971922, 1010681, 1092303]"
1619,"[1082185, 970160, 1006586, 1117514, 841309]"
1620,"[1106523, 5587656, 941883, 862799, 1044078]"
1621,"[1106523, 1082185, 933835, 9297062, 972931]"
1622,"[1029743, 1082185, 1026209, 1031864, 1062002]"
1623,"[1106523, 1041796, 1101858, 1068719, 948832]"
1624,"[1082185, 1052975, 5569230, 986912, 1026118]"
1627,"[861184, 880427, 1011926, 1029743, 1051516]"
1628,[]
1630,"[1082185, 1106523, 865026, 1098284, 1107760]"
1631,"[1029743, 983584, 5569327, 844179, 1089766]"
1632,"[1070820, 1082185, 1041796, 1005274, 1138443]"
1633,"[1029743, 1064213, 13008334, 1090676, 1098844]"
1634,"[1070820, 1029743, 1044078, 7442008, 907631]"
1636,[]
1637,"[1014948, 827999, 1053282, 948298, 986912]"
1638,"[1098248, 945662, 999198, 1126899, 1127758]"
1640,"[1106523, 9527327, 1075368, 1110559, 823704]"
1641,[]
1642,"[1082185, 845208, 1106523, 970160, 1070820]"
1643,"[5568729, 957232, 1106523, 1027168, 899624]"
1644,"[1128016, 1029743, 6904419, 5569230, 1082185]"
1645,[]
1646,[]
1647,"[1082185, 1057102, 6464086, 1092885, 1101822]"
1648,"[9419528, 1106523, 985699, 883665, 1044078]"
1649,"[1082185, 1106523, 945662, 1098844, 6391381]"
1650,"[944137, 13039088, 854754, 6034857, 9837501]"
1651,"[1082185, 1104343, 1114483, 7431408, 901062]"
1652,"[1034176, 5567502, 5568378, 1004436, 8090536]"
1653,"[1029743, 15926886, 12731543, 957232, 6552318]"
1654,"[1106523, 1082185, 1027168, 1070820, 1004906]"
1657,"[1106523, 1068719, 1082185, 1101010, 1116635]"
1658,"[963727, 1070845, 957232, 979707, 885290]"
1659,"[1082185, 1029743, 1106523, 843929, 1087753]"
1660,"[955854, 1009770, 827919, 825365, 6602697]"
1662,"[1126899, 880427, 1082185, 1098844, 837969]"
1663,"[1029743, 8292955, 1062128, 1070820, 5568378]"
1664,"[13213552, 876815, 935993, 1044078, 899624]"
1665,"[1029743, 6602697, 832678, 1082185, 986912]"
1666,"[1122358, 983584, 1051394, 1068719, 1042438]"
1668,"[1082185, 1106523, 872137, 1068719, 856942]"
1669,"[1126899, 857503, 1078652, 1082185, 958601]"
1672,"[1096066, 1029743, 1128240, 989069, 985605]"
1673,"[1106523, 883932, 899624, 12301100, 896613]"
1676,"[888586, 1026258, 1011926, 824305, 872137]"
1677,"[1029743, 1036409, 826695, 872137, 9333437]"
1680,"[1126899, 1104343, 5591103, 869728, 1082185]"
1683,"[15926844, 5574377, 872137, 979707, 5569471]"
1684,"[1106523, 825365, 9881593, 899624, 1082185]"
1685,"[976199, 8293447, 1005274, 1106523, 1029743]"
1686,"[953539, 1106523, 1017325, 986912, 1029743]"
1687,"[1126899, 823099, 872137, 1010079, 976199]"
1688,[]
1689,"[858514, 1000753, 978077, 835300, 1029743]"
1690,"[899624, 1106523, 1068719, 832678, 1043494]"
1692,"[1029743, 1044078, 844179, 1001702, 1056509]"
1693,"[1126899, 1082185, 10455984, 6391381, 1116741]"
1694,"[856252, 845208, 835098, 1103105, 985893]"
1695,"[1082185, 1029743, 1088910, 1134483, 1027168]"
1696,"[1070820, 1082185, 823576, 1082212, 1029743]"
1697,"[993838, 1044078, 1029743, 999858, 13133916]"
1698,"[999779, 871611, 846823, 990797, 1042438]"
1699,"[830203, 993638, 1106523, 5569845, 5569327]"
1700,"[12301100, 990797, 844179, 956486, 1052975]"
1701,[]
1703,"[1106523, 965766, 1067695, 1098435, 5590695]"
1704,"[873324, 890610, 1028715, 870826, 976835]"
1705,"[942151, 1044078, 979707, 12301100, 5568378]"
1706,"[1106523, 1122358, 8249559, 5569327, 1101010]"
1707,"[7168417, 1050851, 962229, 1016298, 1082185]"
1708,"[6534480, 1029743, 919534, 1082185, 1017325]"
1709,"[7166861, 979707, 5568729, 1100972, 983584]"
1710,"[1082185, 1029743, 13213240, 820301, 1023196]"
1712,"[1082185, 1135552, 848029, 901062, 1037840]"
1713,"[893362, 851188, 13841744, 1060312, 1082185]"
1715,"[942151, 1123842, 951412, 859427, 1098844]"
1716,"[12302069, 5592931, 5568729, 1004906, 859075]"
1717,"[1029743, 899682, 852360, 858439, 882489]"
1718,"[1082185, 12171414, 979707, 872137, 1070820]"
1719,"[950206, 1106523, 1103105, 896613, 5569327]"
1720,"[878715, 848107, 1070820, 834117, 909714]"
1721,"[1022254, 1106523, 5592261, 999270, 1105917]"
1722,"[1102090, 978077, 1126899, 9194383, 1022254]"
1723,"[876626, 1098844, 870559, 922561, 1092303]"
1724,"[1126899, 1082185, 1106523, 1104343, 916993]"
1726,"[1044487, 963835, 1022254, 872137, 1071446]"
1728,"[1098844, 1029743, 13115579, 1126899, 9296919]"
1729,"[858999, 1106523, 1104343, 1029743, 838571]"
1730,"[1031864, 1108168, 1092588, 5569230, 5569471]"
1731,"[1087102, 1126899, 1082185, 12757140, 5568378]"
1732,"[1029743, 1082185, 13877192, 833724, 844179]"
1733,"[894439, 6904613, 1082185, 986912, 844179]"
1734,"[1075368, 1026118, 5569230, 1122568, 950638]"
1735,"[859426, 1068719, 850102, 863885, 12731436]"
1737,"[1082185, 901062, 916122, 1105488, 1051516]"
1738,"[1118033, 922847, 1040807, 1106523, 957063]"
1739,"[1106523, 5568378, 965766, 1051323, 1121384]"
1740,"[1002771, 1082185, 1074333, 885406, 12946027]"
1742,"[864335, 1114653, 1019637, 1072523, 908843]"
1743,"[899624, 990797, 1041796, 6463775, 7442008]"
1745,"[988697, 1106271, 983584, 1106523, 1041796]"
1747,"[1106523, 871061, 6424471, 1068719, 872137]"
1748,"[1106523, 936117, 13512017, 5981267, 1061402]"
1749,"[1042571, 907993, 955587, 878715, 1009719]"
1750,[]
1751,"[1070820, 1082990, 906830, 882308, 825365]"
1752,"[1106523, 1044078, 1071594, 1075470, 865456]"
1753,"[986912, 1106523, 912704, 1082185, 935993]"
1754,"[1029743, 843911, 1028715, 5585510, 992529]"
1755,"[872137, 1082185, 925862, 8090521, 916122]"
1756,[]
1758,"[1126899, 1115553, 1082185, 1132771, 899624]"
1759,"[1004001, 1126899, 1111986, 5590613, 1044078]"
1760,"[983584, 1029743, 1082185, 1038985, 906838]"
1761,"[7025204, 932340, 993638, 854852, 848029]"
1762,"[1029743, 1082185, 983584, 976199, 835098]"
1763,"[1106523, 1037840, 5569172, 979707, 1075368]"
1764,"[1126899, 8118500, 5565925, 856345, 972665]"
1765,"[1043494, 7169088, 1070820, 1016709, 979707]"
1766,"[871756, 1068719, 1044078, 1026118, 819978]"
1767,"[1103105, 986912, 835973, 1081177, 1116635]"
1768,"[6391134, 12946027, 899624, 999858, 1022254]"
1769,"[999625, 872137, 5563693, 1109778, 1123146]"
1770,"[960791, 979707, 1082185, 1029743, 1043971]"
1773,"[913210, 916122, 5569471, 834158, 1056509]"
1774,"[8090537, 951197, 902172, 990797, 869388]"
1775,"[1082185, 1126899, 1098844, 9655078, 978343]"
1776,"[1082185, 972931, 1126899, 1029743, 986912]"
1778,"[1029743, 1082185, 870547, 955921, 1004906]"
1779,"[1070820, 845208, 963365, 1125391, 1082185]"
1780,"[1106523, 979707, 1137010, 1068719, 1022254]"
1781,"[13416117, 1105488, 854852, 1082185, 878996]"
1783,"[1029743, 9835509, 1132771, 1082185, 892728]"
1784,"[979707, 8065410, 1082185, 917406, 963971]"
1785,"[1126899, 1082185, 933835, 919534, 9677236]"
1787,[]
1788,"[909714, 957080, 1092303, 934399, 823775]"
1789,"[1109778, 1044078, 1138443, 9242918, 9836106]"
1790,"[1082185, 1131634, 945662, 13213567, 1038174]"
1791,"[1088683, 14106445, 916122, 910673, 1041796]"
1792,"[1075368, 906917, 1106523, 1089766, 880888]"
1793,[]
1794,"[1102416, 1106523, 8090513, 872177, 842140]"
1795,"[1070820, 1082185, 942341, 1027372, 890610]"
1796,"[1029743, 965766, 9677236, 1068719, 871188]"
1797,"[1082185, 829621, 1112825, 996009, 9419198]"
1798,"[1082185, 970605, 1029743, 1093571, 999090]"
1800,"[5568729, 1082185, 979707, 976199, 983584]"
1801,"[1116635, 854900, 948953, 1128163, 5569230]"
1802,"[885290, 1082185, 848319, 884089, 1117358]"
1803,"[939860, 862799, 1022254, 6904613, 6979579]"
1804,"[1082185, 1127831, 1029743, 852856, 912704]"
1805,"[1075368, 931255, 913210, 852856, 948670]"
1806,"[1029743, 1126899, 893018, 6602697, 979707]"
1807,"[1098844, 8090560, 956274, 8090536, 908312]"
1808,"[976199, 12171656, 1037840, 945909, 899624]"
1809,"[1022254, 1119761, 12301839, 8090536, 909714]"
1810,"[1018818, 1098284, 1041796, 1076842, 903529]"
1811,"[1106523, 1135258, 901976, 999779, 1068719]"
1812,"[1075282, 979707, 1127758, 952972, 842707]"
1814,"[1029743, 5587656, 835300, 1004906, 976199]"
1815,"[15831255, 938118, 821845, 899624, 1029743]"
1816,"[1029743, 1022254, 1082185, 1056509, 1068719]"
1817,"[1082185, 1116635, 1005274, 925862, 874563]"
1818,"[1068719, 1082185, 906917, 7410361, 1104343]"
1821,"[983584, 1106523, 5568378, 1082185, 8090521]"
1822,"[1029743, 1070702, 986912, 957232, 1022254]"
1823,"[1082185, 1070820, 883003, 6602697, 1092303]"
1824,"[983584, 1106523, 1043787, 844179, 854852]"
1826,"[1029743, 9884698, 933835, 1072523, 1068719]"
1829,"[8203851, 1098844, 978343, 914753, 1082185]"
1831,"[1082185, 909268, 857503, 1098248, 835098]"
1832,"[1082185, 1137775, 1101010, 848029, 996009]"
1833,"[1106523, 1000753, 838186, 1082185, 1070820]"
1835,"[1044259, 982755, 1082185, 1026258, 1076199]"
1836,"[1082185, 6034780, 1057102, 948670, 965842]"
1837,"[8019681, 1082185, 904240, 870428, 966684]"
1838,"[1041796, 899624, 862799, 12302069, 990797]"
1839,"[1106523, 889551, 887526, 9553048, 1101932]"
1841,"[925350, 999858, 866828, 1062572, 1082185]"
1843,"[909714, 1051516, 1070820, 5568378, 5569845]"
1844,"[979707, 916122, 1055504, 1022254, 825749]"
1845,"[976199, 9881593, 823775, 1126899, 1098844]"
1846,"[839208, 1029743, 5569471, 899624, 965766]"
1847,"[1070820, 8019649, 12731432, 991761, 1082185]"
1848,"[1135834, 894439, 892573, 1077133, 986912]"
1849,"[1029743, 1056509, 1040416, 1089954, 1082185]"
1850,"[1082185, 979707, 1062002, 1127831, 909714]"
1853,"[1075368, 1029743, 849202, 1021116, 1134810]"
1854,"[1072693, 15831209, 957736, 862876, 1055504]"
1856,"[978077, 1082185, 849505, 986912, 851819]"
1857,"[1031316, 1029743, 5590613, 1009368, 8090521]"
1858,"[1027372, 8119101, 999104, 12782182, 1065061]"
1861,"[1029743, 987571, 965766, 846482, 1008714]"
1862,"[979707, 1022254, 5569230, 8090537, 854852]"
1864,"[965842, 1001827, 900802, 1127831, 1065979]"
1865,"[1092303, 1134210, 884686, 903800, 833724]"
1867,"[916122, 897954, 970747, 849202, 5569230]"
1868,[]
1869,"[940947, 1126899, 995965, 1050851, 1054483]"
1871,"[1082185, 1026118, 1055425, 854852, 1077745]"
1872,"[1134473, 846417, 1082185, 1055504, 9707461]"
1873,"[962229, 1082185, 1106523, 1101010, 1044078]"
1876,[]
1877,"[1029743, 964133, 922281, 8090440, 1122358]"
1879,"[1132771, 922561, 1121694, 1082185, 933835]"
1880,"[930385, 1106523, 1068719, 1037840, 862799]"
1881,"[852360, 1082185, 901062, 913210, 979707]"
1882,"[1070820, 5568729, 1029743, 914012, 1053282]"
1883,"[8090521, 896862, 891505, 933835, 5569327]"
1884,"[820301, 7441210, 12781763, 883932, 856252]"
1885,"[909714, 9835509, 6534035, 957951, 928932]"
1886,[]
1887,"[1126899, 1098844, 957232, 872137, 848029]"
1889,[]
1890,"[1061982, 1126899, 1082185, 1003616, 6039759]"
1891,"[973086, 1082185, 930918, 1055425, 1022340]"
1892,"[851819, 1093413, 1044078, 983000, 1021116]"
1895,"[1044078, 963971, 854405, 6513810, 9835606]"
1896,"[1082185, 1075368, 979707, 951855, 1029743]"
1898,"[1082185, 871756, 866540, 1003616, 1055425]"
1899,"[833598, 851188, 957063, 1040807, 1096573]"
1900,"[898847, 1082185, 9831557, 1132771, 872137]"
1901,"[1013928, 1017369, 1135552, 1054262, 1060529]"
1903,"[1124695, 1106523, 917033, 1082185, 916122]"
1904,"[896862, 986912, 1123842, 1126899, 1081177]"
1906,"[871633, 1046756, 1114653, 844179, 6979415]"
1907,"[1125601, 976199, 1068719, 872137, 1021519]"
1909,"[1044078, 6463775, 5569230, 1050851, 1139142]"
1911,"[1044078, 1118033, 981900, 948670, 844179]"
1912,"[1013407, 1106523, 1029743, 865026, 12302069]"
1914,"[1043787, 892573, 894439, 1077133, 862010]"
1916,"[1068719, 921836, 944534, 1059994, 10180324]"
1917,"[1106523, 1029743, 975085, 1082185, 896085]"
1918,"[1082185, 872137, 1116020, 6463710, 1029743]"
1919,"[1106523, 917772, 871514, 853927, 1082185]"
1920,"[1019643, 1082185, 833724, 829323, 6632283]"
1922,"[1082185, 10457044, 1132771, 5563693, 897088]"
1923,"[1098844, 992986, 1082185, 9420064, 1134473]"
1924,"[983584, 1132956, 965772, 1029743, 1067695]"
1925,"[1082185, 1106523, 1029743, 12262832, 901062]"
1926,"[951094, 12262830, 916122, 976199, 848029]"
1927,"[1068719, 1025611, 863447, 1044078, 5585510]"
1928,"[983584, 908504, 1070820, 958647, 1019078]"
1929,"[1106523, 933835, 1021116, 834117, 913210]"
1930,"[1051323, 1075368, 1122358, 1029743, 957063]"
1931,"[1082185, 1048727, 1106523, 843464, 896862]"
1932,[]
1935,"[916122, 1126899, 998519, 999104, 1048257]"
1936,"[1029743, 1138443, 844179, 971922, 899624]"
1937,"[1082185, 1070820, 999104, 962229, 937413]"
1939,"[1068719, 879876, 926905, 844179, 924967]"
1940,"[1082185, 950118, 1026118, 969866, 1094924]"
1941,"[947798, 1106523, 1044078, 5981074, 907631]"
1942,"[5569230, 1106523, 839656, 5585510, 1004906]"
1943,"[930385, 1029743, 1068719, 912280, 1106523]"
1944,"[1082185, 1070820, 880427, 1029743, 994223]"
1945,"[1011920, 1029743, 1070820, 832678, 1068719]"
1946,"[1070820, 1082185, 10344585, 12946027, 920109]"
1947,"[1126899, 845307, 1082185, 6463742, 1028938]"
1948,"[916993, 6602590, 854852, 848319, 891516]"
1949,"[1136755, 1048833, 908843, 1022254, 1092303]"
1950,"[1029743, 1079987, 1087102, 883003, 1106523]"
1951,"[1082185, 1004906, 916122, 930603, 1081177]"
1952,"[1029743, 1098248, 944534, 896613, 995502]"
1953,"[827919, 1050851, 972143, 958382, 993638]"
1954,"[1019247, 1026118, 1084036, 1082185, 1038745]"
1955,"[9835408, 1129949, 1063739, 10150101, 1064752]"
1956,"[1126899, 1070820, 933835, 970866, 966684]"
1957,"[1098844, 9245108, 1082185, 1029743, 1040807]"
1958,"[899624, 1040807, 1055504, 857503, 979707]"
1959,[]
1960,"[1070820, 839656, 1044078, 844179, 1128240]"
1961,"[1106523, 5587656, 861279, 1101010, 1074754]"
1962,"[1082185, 976199, 1056509, 1121059, 990797]"
1963,"[886996, 979707, 5569471, 999779, 1099089]"
1964,"[870428, 1022254, 979707, 1002771, 925350]"
1965,"[1082185, 9881592, 1106523, 9881593, 1087102]"
1966,"[1082185, 1125497, 820486, 950271, 833724]"
1967,"[13190349, 1029743, 1008547, 1082185, 863885]"
1968,"[1090676, 1122358, 1082185, 916122, 1068719]"
1969,"[1029743, 1081177, 1044078, 1022254, 998444]"
1970,"[1072086, 1106523, 7147145, 1029743, 910673]"
1971,"[1029743, 1014509, 12757140, 1097001, 1082212]"
1975,"[883003, 1108055, 5569309, 879699, 1110244]"
1976,"[1082990, 1106523, 1104483, 999779, 1074040]"
1978,"[1029743, 1082185, 1137775, 883003, 1082212]"
1979,"[1082185, 1106523, 1029743, 979707, 1090931]"
1981,"[1126899, 1082212, 7442004, 845208, 1122358]"
1982,"[1082185, 979707, 970202, 1080472, 6979803]"
1983,"[7166865, 866211, 1029743, 998444, 908318]"
1985,"[1082185, 1106523, 944938, 5569230, 1057011]"
1987,"[12171656, 6463742, 963835, 895166, 882247]"
1988,"[1106523, 965041, 1068719, 5565392, 1080472]"
1989,"[1082185, 898847, 7441419, 833724, 879734]"
1990,"[1029743, 1082185, 1126899, 856942, 13007846]"
1991,"[926905, 1044078, 825365, 1137346, 832678]"
1992,"[1050741, 1042438, 857176, 937292, 916122]"
1993,"[1043787, 862010, 1016800, 880150, 5568729]"
1994,"[5568378, 1126899, 1102067, 836703, 944139]"
1995,"[1082185, 1029743, 901062, 9333437, 5568732]"
1996,"[6034577, 1070820, 1126899, 867469, 944836]"
1997,"[1126899, 1010051, 1008675, 985889, 979707]"
1998,"[5592931, 1106523, 1044078, 965766, 1068719]"
1999,"[1082185, 1041796, 986912, 1072086, 1127831]"
2000,"[1016800, 1029743, 8090521, 1050851, 8090537]"
2001,"[1126899, 5568729, 1070820, 1082185, 883003]"
2003,"[10344585, 12757280, 1082185, 5569471, 978906]"
2004,"[5568378, 9655212, 934399, 1055425, 8177622]"
2005,"[819978, 882604, 946839, 1068719, 999250]"
2006,"[1082185, 916993, 857503, 5574377, 1041796]"
2007,"[1082185, 1106523, 1092303, 981660, 1067606]"
2008,"[1126899, 936830, 865511, 941532, 913210]"
2010,"[965766, 1082185, 1044078, 880150, 999779]"
2011,"[916487, 973086, 1006184, 952972, 999563]"
2012,"[1106523, 1044078, 916122, 6633224, 1029743]"
2014,"[979707, 861279, 1106523, 1082185, 1022254]"
2015,"[1029743, 940947, 1044188, 865528, 15926844]"
2016,[]
2017,"[1082185, 1126899, 983584, 1070820, 900802]"
2018,"[1106523, 1082185, 967041, 880150, 970152]"
2019,"[1029743, 899624, 968992, 1030093, 9884698]"
2020,"[1082185, 1132771, 898847, 6602697, 1036486]"
2021,"[1019142, 896862, 1044078, 883932, 844179]"
2022,"[1029743, 1082185, 971585, 906335, 1098844]"
2023,"[1011457, 852856, 8090509, 5569374, 912704]"
2025,"[1029743, 976199, 938118, 1121384, 894570]"
2026,[]
2027,"[1068719, 871756, 1070702, 1004906, 8249365]"
2028,"[5568378, 5569230, 8090509, 895295, 1029743]"
2029,"[9523059, 892728, 1082185, 12946027, 1072523]"
2030,"[1029743, 1082185, 6533394, 1087102, 944836]"
2031,[]
2032,[]
2033,"[1029743, 979707, 1127758, 5567502, 909714]"
2034,"[1126899, 1082185, 1098844, 900802, 1080472]"
2036,"[1126899, 925854, 944836, 1082185, 1060408]"
2037,"[1029743, 1068719, 1018007, 1070820, 990797]"
2038,"[899624, 933835, 883003, 1138443, 1029743]"
2039,[]
2040,"[1029743, 1021225, 1044188, 1051211, 1068719]"
2041,"[1120361, 907993, 1074333, 1008814, 1020962]"
2042,[]
2043,"[992529, 979707, 998119, 8291322, 894439]"
2046,"[993638, 1082185, 836286, 979707, 1070820]"
2047,"[1082185, 933835, 883003, 1106523, 8090537]"
2048,"[1106523, 6391137, 1022254, 944534, 9881593]"
2049,"[976199, 1082185, 990797, 956672, 1056005]"
2050,"[1024051, 895166, 899624, 1088683, 857503]"
2055,"[987311, 980984, 1080853, 1011926, 864805]"
2056,"[1125123, 962229, 1106523, 8090521, 952972]"
2057,"[1070820, 913210, 12731517, 965766, 899624]"
2058,"[14106445, 1022254, 1006342, 12731436, 979707]"
2059,[]
2060,"[1029743, 986912, 5569230, 844179, 8090537]"
2062,"[1029743, 1022254, 1014948, 1126899, 831712]"
2063,"[961447, 1082185, 915874, 1022254, 1090676]"
2064,"[1006483, 1081177, 887102, 1029743, 951412]"
2065,"[1029743, 917760, 852015, 12301839, 1110244]"
2068,"[1082185, 1070820, 1086061, 1104343, 919126]"
2070,"[1082185, 933067, 913210, 1092937, 1085357]"
2071,"[933835, 899624, 1004906, 979707, 974177]"
2072,[]
2075,"[1029743, 899624, 1006483, 925862, 913144]"
2076,"[1082185, 829323, 1098844, 972191, 835098]"
2077,"[1082185, 1106523, 848319, 6463742, 6391381]"
2079,"[819840, 1025650, 979707, 1106523, 1082185]"
2080,"[1082185, 919534, 1106523, 1077600, 1100273]"
2081,[]
2082,"[15926844, 848319, 1029743, 899624, 1082185]"
2083,"[6533681, 1070820, 844179, 990797, 845208]"
2084,"[1082185, 1098248, 9652066, 6034857, 970866]"
2085,"[899624, 983584, 962229, 1101010, 1117514]"
2086,"[1029743, 880150, 13775274, 5585510, 1082185]"
2087,"[916993, 1137688, 859987, 1029743, 871722]"
2088,"[1029743, 1082185, 919534, 1139142, 867272]"
2089,"[1126899, 855454, 985622, 999391, 1102829]"
2090,"[5576075, 1004906, 12301100, 871611, 1076056]"
2091,[]
2094,"[1082185, 1070820, 6463775, 6039759, 5569374]"
2095,"[1068719, 933067, 883003, 5569135, 1103629]"
2099,[]
2100,"[1082185, 1106523, 944534, 1041796, 899459]"
2101,"[883003, 1029743, 1040807, 1101010, 983584]"
2102,"[1045586, 926206, 940947, 872137, 7024830]"
2103,[]
2105,[]
2108,"[1041796, 1029743, 8090533, 899624, 1082185]"
2109,"[8065410, 983000, 1041796, 1120928, 935993]"
2110,"[1029743, 1082185, 842630, 854754, 871188]"
2111,"[1126899, 1051323, 12731432, 12301405, 838186]"
2112,"[1082185, 872137, 1126899, 1029743, 1098248]"
2114,"[907099, 1002771, 885290, 933835, 1082185]"
2115,"[15926886, 1070820, 15926844, 948086, 951197]"
2116,"[1070820, 848029, 13654702, 964520, 854754]"
2119,"[12731432, 930385, 849505, 1082185, 960613]"
2120,"[1103105, 6463742, 8293447, 12171656, 880427]"
2121,"[1082185, 1095374, 848319, 922127, 872137]"
2122,"[1106523, 835098, 901062, 883932, 1082185]"
2123,"[957232, 1076199, 10285454, 832678, 899624]"
2124,"[1082185, 1126899, 1106523, 1062002, 1096563]"
2125,"[1029743, 1082185, 976199, 883003, 5581910]"
2126,"[1126711, 994685, 921836, 1082185, 833724]"
2129,"[1081177, 1029743, 1004906, 12810393, 1082185]"
2130,"[1106523, 872137, 1082185, 899624, 909800]"
2131,"[1022254, 878285, 863447, 965766, 1029743]"
2132,"[1022254, 990797, 901062, 1082185, 980823]"
2133,"[1082185, 1126899, 1019247, 904105, 5564303]"
2134,"[1098844, 863447, 892376, 1038985, 1082185]"
2135,"[6534074, 986912, 1100972, 1040807, 832678]"
2136,"[964521, 901062, 995478, 9707498, 5578547]"
2137,"[7442008, 968072, 1067779, 999250, 1044078]"
2138,"[1029743, 1042544, 1082185, 829291, 1080677]"
2139,"[957232, 1100972, 1115175, 901776, 989409]"
2141,"[1082185, 1070820, 1110244, 1101980, 9526628]"
2142,"[5568729, 15831255, 6704207, 6632283, 923169]"
2145,[]
2146,"[898121, 849870, 973135, 1029743, 999090]"
2147,"[1082185, 1098248, 1005274, 1106523, 933835]"
2148,"[950894, 1082185, 895930, 979707, 1068719]"
2149,"[1082185, 1114811, 939681, 1106523, 13003101]"
2151,"[976199, 1082185, 1038663, 1029743, 1070702]"
2153,"[13841744, 919534, 1122358, 1029743, 902172]"
2154,"[1106523, 999270, 1082185, 1045586, 901062]"
2155,[]
2156,"[965889, 1029743, 1122358, 913210, 1022254]"
2158,"[926033, 1116770, 929341, 951412, 1055504]"
2159,"[979707, 1091158, 5592931, 1106523, 965766]"
2160,"[953539, 1082185, 976199, 1022254, 916122]"
2161,"[1126899, 958208, 976214, 944836, 951176]"
2162,"[1082185, 6395907, 1110244, 979674, 994685]"
2163,"[1016274, 859987, 9338009, 8090532, 5569471]"
2167,[]
2168,"[1044078, 1120928, 1082185, 983000, 844179]"
2169,"[1087102, 883003, 1008547, 5585510, 1042438]"
2170,"[7441498, 6463483, 7160764, 1013928, 1038462]"
2171,"[1081533, 974336, 1023196, 1098844, 979707]"
2172,"[1029743, 840890, 849202, 977798, 1092303]"
2173,"[1132771, 913210, 1087102, 1105488, 1062002]"
2174,"[1075368, 1126899, 865456, 1082185, 1068719]"
2175,[]
2176,[]
2179,"[872137, 1132771, 979707, 933067, 871611]"
2181,"[1082185, 1110111, 1126899, 9187298, 1087102]"
2182,"[1029743, 1106523, 946839, 1004906, 835098]"
2183,"[1082185, 916993, 12731432, 1098248, 1029743]"
2184,"[1106523, 9836106, 1074333, 1101477, 1123842]"
2185,"[1071594, 820923, 972665, 5569376, 879699]"
2186,"[1075368, 899624, 870547, 1106523, 1082185]"
2188,"[1106523, 1082185, 933835, 913210, 1101010]"
2189,"[913210, 834117, 1082185, 1015280, 1029743]"
2190,"[1098844, 995628, 883003, 1106523, 1082185]"
2193,"[1070820, 1055504, 889989, 913210, 979707]"
2194,"[1082185, 1062128, 15926886, 1042571, 8090537]"
2195,"[1126899, 1000237, 1138443, 1055504, 1082185]"
2196,"[1082185, 880150, 999104, 1029743, 12731432]"
2197,"[839243, 5569230, 8090521, 865456, 916122]"
2198,"[1082185, 901062, 913210, 890610, 863762]"
2199,"[1082185, 1126899, 916993, 1029743, 849003]"
2200,"[1082185, 1106523, 1029743, 916122, 10204556]"
2202,"[916122, 1097001, 1075214, 835098, 951213]"
2203,"[1029743, 1018818, 951412, 979707, 1082185]"
2204,"[1082185, 1044078, 1026118, 835530, 820923]"
2205,"[1082185, 1029743, 1098844, 1106523, 937292]"
2206,"[1029743, 1102067, 1135552, 1004906, 1137775]"
2207,"[911311, 972143, 9297062, 856553, 915874]"
2208,"[1106523, 5569230, 940947, 1128016, 5581910]"
2209,"[1082185, 1029743, 885290, 1098844, 6602440]"
2211,"[1126899, 1082185, 13073050, 1126045, 889533]"
2212,[]
2213,"[1106523, 1070820, 1022254, 933835, 1082185]"
2214,"[919534, 1104343, 963971, 6464166, 9187298]"
2215,"[1112205, 880150, 1082185, 890695, 1025650]"
2217,"[1022254, 1082185, 1026118, 1092588, 1055504]"
2221,"[1082185, 6533368, 7410320, 1126899, 1120261]"
2222,"[5569230, 933918, 1008032, 10456467, 1005849]"
2223,"[910673, 1013928, 5568378, 878222, 891463]"
2224,"[1070820, 1007210, 923670, 1038985, 1097761]"
2225,"[856345, 872137, 1082185, 943286, 1110111]"
2226,"[1082185, 989683, 981660, 937413, 1056509]"
2228,[]
2229,"[880427, 999198, 979707, 1034176, 1082185]"
2231,"[1082185, 1111129, 944836, 1126899, 1080853]"
2233,"[1082185, 970202, 1022254, 1081177, 951412]"
2234,"[1082185, 984315, 915493, 1022254, 854754]"
2235,"[937292, 981374, 12427353, 969866, 14106445]"
2237,"[1082185, 872137, 934427, 950894, 979707]"
2238,"[6391080, 971983, 1126895, 1022254, 833724]"
2239,"[983584, 1029743, 896085, 1115971, 965766]"
2240,"[1106523, 1048299, 983584, 910032, 951561]"
2241,"[1029743, 993638, 1082185, 1004906, 8273833]"
2243,"[8119302, 994577, 1029743, 971922, 848029]"
2244,"[1108131, 1029743, 1068719, 1082185, 907631]"
2245,"[1082185, 1017195, 1049695, 1044078, 1123254]"
2247,"[872137, 1106523, 1022254, 1042544, 1044078]"
2248,"[1091520, 990797, 965766, 1004906, 1068719]"
2250,"[12731432, 919534, 1033769, 1029743, 957063]"
2252,"[1082185, 1029743, 1104343, 1056509, 1076516]"
2253,"[1029743, 998352, 983584, 1038663, 1138292]"
2256,"[1051211, 976199, 1070820, 866871, 1082185]"
2257,"[1104349, 1106523, 1106116, 1068719, 1029743]"
2258,"[1126899, 833940, 1137505, 828393, 1070845]"
2260,"[1069003, 13841744, 1029743, 5568758, 854852]"
2261,"[1037840, 833724, 940996, 916122, 839438]"
2262,"[1019247, 1082185, 6773232, 5981267, 1122358]"
2263,"[1082185, 986912, 976199, 1123146, 1044078]"
2264,"[10457044, 1126899, 916122, 9487463, 5566472]"
2266,"[1082185, 900802, 12946027, 1104343, 923789]"
2267,"[1126899, 1091901, 913210, 8019977, 1097761]"
2269,"[1082185, 844179, 916122, 899624, 5568729]"
2270,"[1082185, 1068719, 922561, 892500, 871188]"
2271,[]
2272,"[1040807, 1045586, 1082185, 1104343, 953539]"
2273,"[880427, 1041796, 1082185, 934948, 1102067]"
2274,"[1082185, 971922, 1091158, 890909, 930283]"
2275,"[1082185, 861279, 907099, 1029743, 899624]"
2276,"[1106523, 856252, 1022254, 1082185, 999270]"
2277,"[1106523, 1067695, 6704207, 1097001, 5587656]"
2278,"[922127, 863447, 951412, 1022254, 872137]"
2279,"[849697, 10456467, 933067, 8090537, 1009368]"
2280,"[1070820, 1082185, 1097635, 1082990, 5569230]"
2281,"[1046756, 1126899, 951164, 1082185, 13213082]"
2282,"[833724, 880228, 1070820, 1098248, 1082185]"
2283,"[1106523, 899624, 1011427, 844179, 1029743]"
2284,"[872137, 1046756, 1044259, 6514160, 9677670]"
2285,"[9707461, 857503, 904833, 1082185, 930918]"
2287,"[1082185, 1029743, 1041796, 13008065, 971922]"
2288,"[1126899, 1082185, 1092303, 1070702, 1075283]"
2289,"[1029743, 984680, 7467024, 913210, 834396]"
2290,"[827656, 1029743, 1041796, 9527184, 5568378]"
2291,"[12523928, 962588, 986912, 849100, 836645]"
2292,"[1029743, 15926844, 865456, 1087102, 5590695]"
2293,"[1118120, 1016274, 1082185, 1070820, 1038985]"
2294,"[1082185, 1106523, 909800, 5590613, 8119302]"
2295,"[1106523, 1080472, 854405, 933354, 899624]"
2296,"[1068719, 1029743, 959272, 1067606, 6553237]"
2297,"[1082185, 12731544, 1106523, 1051516, 1127758]"
2298,"[910032, 871756, 821741, 9469110, 966348]"
2299,"[1091858, 1082185, 6602697, 999104, 878996]"
2300,"[1029743, 1082185, 850562, 8273833, 5568729]"
2301,"[1057749, 835098, 13158064, 865456, 1021324]"
2302,"[1029743, 1000736, 865456, 8090532, 8119101]"
2303,"[1029743, 841220, 1002771, 1082185, 933835]"
2305,"[1069039, 1029743, 983584, 1082185, 9835509]"
2307,"[1082185, 1098844, 1138443, 883003, 933835]"
2308,[]
2310,"[5570408, 896613, 1068719, 933067, 5591170]"
2312,"[1082185, 916122, 1070820, 6034857, 9655078]"
2314,"[1048257, 1017887, 951412, 1126899, 985999]"
2315,[]
2317,"[1029743, 1082185, 1038985, 1127831, 944836]"
2319,"[1029743, 1082185, 1037840, 990797, 838186]"
2322,"[856345, 13417954, 1061402, 909714, 1044259]"
2323,"[5565322, 1022097, 909714, 990797, 1000237]"
2324,"[1082185, 1029743, 938118, 865156, 9707340]"
2328,"[1106523, 1082990, 933354, 916122, 944836]"
2330,"[1082185, 8090536, 1101010, 857503, 925854]"
2331,"[859075, 1029743, 1082185, 844179, 925364]"
2333,"[1068719, 983584, 1029743, 5585510, 866755]"
2334,"[1029743, 5568378, 1096728, 1102416, 994685]"
2335,"[1082185, 1029743, 899624, 979707, 12302069]"
2336,"[1029743, 844179, 963971, 5568378, 965766]"
2337,"[1015539, 1082185, 1106523, 1097398, 937791]"
2338,"[1082990, 1082185, 1106523, 890695, 901062]"
2339,[]
2340,"[871061, 979707, 1106523, 1075007, 8090521]"
2341,"[907625, 1098284, 1106523, 5568378, 12301100]"
2342,"[1029743, 866548, 7166865, 990797, 901062]"
2343,"[1029743, 856060, 6602327, 980984, 1104343]"
2344,"[10285373, 839438, 862799, 1000753, 8090537]"
2345,"[849505, 1106523, 959272, 983584, 1029743]"
2347,"[1029743, 1082185, 8090521, 8090513, 8293447]"
2349,"[1082185, 836085, 1070820, 839605, 965766]"
2350,[]
2351,"[870452, 12484491, 909714, 1004906, 916122]"
2352,"[1082185, 1051516, 9803819, 872137, 909714]"
2354,"[1126899, 913210, 1082185, 13003101, 8019649]"
2359,"[1106523, 960732, 1103105, 990797, 1044078]"
2360,"[1029743, 909714, 5568729, 883003, 1082185]"
2361,"[957232, 1126899, 1053329, 902172, 898121]"
2363,"[1070820, 944137, 1082185, 6602697, 946839]"
2364,"[5707857, 12171656, 6463742, 895166, 1082185]"
2366,"[10285373, 1004906, 1044078, 1123101, 1012701]"
2368,[]
2369,"[1029743, 12385374, 1121059, 863885, 940766]"
2370,"[1070820, 916122, 946839, 1130858, 1098248]"
2372,"[1082185, 1029743, 7410347, 995965, 890909]"
2373,[]
2374,"[1070820, 1082185, 1041796, 872137, 1070702]"
2375,"[899624, 989069, 951954, 1041796, 8065410]"
2376,"[999198, 1057168, 5568729, 934399, 1082185]"
2377,"[899624, 1082185, 866211, 1055168, 863447]"
2378,"[952408, 12132648, 1029743, 1082185, 9527323]"
2379,"[860248, 916122, 1082185, 1101706, 1111129]"
2380,"[1082185, 1029743, 1122358, 948670, 8118517]"
2381,"[895930, 5570408, 890695, 916122, 1131344]"
2385,"[1068719, 1029743, 1082185, 1106523, 1014948]"
2386,"[976199, 839656, 1104343, 9245106, 822049]"
2387,"[940947, 839243, 848029, 896085, 1128240]"
2388,"[960613, 1106523, 854900, 890695, 863447]"
2389,"[1029743, 937736, 937292, 1022254, 12946027]"
2392,"[965766, 1068719, 1009368, 895166, 1128240]"
2393,"[6391089, 962967, 944836, 1085435, 1098844]"
2394,"[910473, 5568729, 908318, 906838, 986727]"
2395,"[5569230, 949294, 825731, 5580577, 993638]"
2397,"[1082185, 1116770, 865026, 883932, 1106523]"
2399,[]
2400,"[1082185, 957232, 1106523, 838186, 951855]"
2401,"[1106523, 1082185, 825343, 1026118, 848029]"
2404,"[12171656, 6463742, 1082185, 1098844, 12988031]"
2405,"[1091383, 6602697, 936914, 1005274, 1053730]"
2406,"[1082185, 1126899, 1087753, 1022254, 983665]"
2407,"[1082185, 1038443, 1029743, 12132648, 937292]"
2408,"[1029743, 919534, 908318, 1138443, 1056509]"
2410,"[1106523, 1037840, 8291322, 1070820, 5569230]"
2412,"[1106523, 1068719, 1122358, 995628, 1044078]"
2416,"[12808385, 849697, 1098844, 910473, 6633210]"
2418,"[1029743, 9245108, 1100379, 1072693, 943076]"
2420,"[1106523, 880150, 1068719, 944534, 999779]"
2421,"[1082185, 1126899, 1040807, 1022254, 979707]"
2424,"[1072693, 916993, 908283, 1019643, 1080989]"
2425,"[1029743, 976199, 1082185, 1022254, 918676]"
2426,"[1029743, 1058404, 1044078, 844179, 1043494]"
2427,"[1082185, 1054539, 856252, 1034955, 10341855]"
2429,"[899624, 896757, 1106523, 1044078, 1029743]"
2431,"[1022254, 1082185, 934639, 823990, 845208]"
2434,"[1127758, 937292, 1106523, 1131344, 12301109]"
2435,"[12731517, 983584, 828489, 899624, 10198378]"
2437,"[7409618, 7409644, 1070820, 1082185, 1048257]"
2438,"[1126703, 938381, 892048, 916122, 1101706]"
2439,"[983584, 1022254, 1082185, 1098844, 1126899]"
2440,"[9297194, 10150101, 965766, 1092937, 1041796]"
2441,"[898121, 1082185, 1029743, 885023, 979707]"
2442,"[1126899, 1082185, 860248, 866211, 968072]"
2445,"[913278, 1029743, 991592, 844179, 883003]"
2446,"[1044259, 938118, 1000542, 941368, 1087102]"
2447,"[880780, 1010079, 1067425, 968072, 944137]"
2448,"[1054402, 1121694, 1082185, 1106523, 7168058]"
2449,"[872137, 959455, 1029743, 1055504, 1126899]"
2450,"[1082185, 1070820, 896804, 1022254, 12757280]"
2451,"[1082185, 1018822, 1022254, 9655078, 900802]"
2452,"[1106523, 1087753, 949023, 1025581, 5568378]"
2453,"[1082185, 976199, 12525270, 1098844, 1070820]"
2455,"[1029743, 1102416, 933835, 965766, 5572738]"
2456,"[951412, 1126899, 5590613, 1128240, 1022254]"
2457,"[1082185, 15831255, 1106523, 1134210, 876115]"
2458,"[1126899, 5569471, 965842, 913210, 899624]"
2459,"[1031864, 6391134, 898363, 918638, 5576075]"
2460,"[5568378, 907631, 5569230, 861279, 879504]"
2461,"[909714, 1022254, 1098844, 866871, 916993]"
2462,"[8293343, 6034857, 824796, 979707, 851146]"
2464,"[872137, 1070820, 1068719, 1051211, 951412]"
2465,"[986912, 10344585, 993379, 856252, 8065410]"
2466,"[1029743, 1041796, 1106523, 9677922, 1132771]"
2467,"[1126899, 8090536, 1083446, 1082185, 6602697]"
2470,"[12757065, 983000, 12757280, 823356, 979707]"
2471,"[5587656, 1126899, 9835509, 1029743, 848319]"
2472,"[1013928, 854405, 836445, 1122358, 986912]"
2475,"[1070820, 1079228, 871188, 5569471, 1070845]"
2477,"[1098844, 872137, 1082185, 1138443, 999270]"
2478,"[979707, 965766, 1082185, 1137775, 1033142]"
2479,"[859987, 9835509, 972657, 909714, 910032]"
2481,"[963971, 1082185, 1132771, 1029743, 865456]"
2482,"[1106523, 1029743, 1041796, 1005274, 872137]"
2483,"[1082185, 1070820, 948832, 6533936, 1135971]"
2484,"[1029743, 1082185, 899624, 878715, 871514]"
2485,"[944249, 12695224, 835098, 907631, 1098844]"
2486,"[1029743, 13877192, 1082185, 916122, 1068719]"
2488,"[15831255, 13213475, 1070820, 919534, 971957]"
2489,"[1029743, 1068719, 1098844, 1022254, 5592931]"
2492,"[1106523, 933835, 883003, 914577, 912004]"
2494,"[1082185, 969568, 1033769, 1070820, 1004906]"
2496,"[899624, 1056509, 1106523, 916122, 995876]"
2497,"[1120361, 1135834, 1029743, 900802, 870515]"
2498,"[1100379, 907993, 896074, 1106523, 1070820]"
2499,"[1070820, 899624, 5568378, 5569327, 1082185]"
2500,"[1082185, 1065538, 1019643, 1013389, 839243]"
